1,9.208159,45.5099652,9.2081427,45.5099768
2,9.2121938,45.5216641,9.2122468,45.5217481
3,9.2123588,45.5217206,9.2122468,45.5217481
4,9.2083359,45.5102955,9.2083956,45.5103904
5,9.2085141,45.5103587,9.2083956,45.5103904
6,9.2145591,45.5256802,9.2144848,45.525709
7,9.2133968,45.5238045,9.2144848,45.525709
8,9.2079891,45.5099928,9.2081171,45.5098065
9,9.2082309,45.509676,9.2081171,45.5098065
10,9.2032877,45.5112391,9.2034672,45.5111929
11,9.2034186,45.5111015,9.2034672,45.5111929
12,9.2079265,45.510091,9.207856,45.5102006
13,9.2080553,45.5101771,9.207856,45.5102006
14,9.2060697,45.5110252,9.2057955,45.5105388
15,9.2059037,45.5105109,9.2057955,45.5105388
16,9.2056907,45.5105688,9.2057955,45.5105388
17,9.2223609,45.5231537,9.2219777,45.5230559
18,9.2144848,45.525709,9.2143566,45.525751
19,9.2144209,45.5258601,9.2143566,45.525751
20,9.2122468,45.5217481,9.2121004,45.5217841
21,9.212168,45.5219034,9.2121004,45.5217841
22,9.2049505,45.5191729,9.2049928,45.5192475
23,9.207406,45.5185638,9.2076138,45.5185002
24,9.2128344,45.5287454,9.2118557,45.5290295
25,9.2075742,45.5184187,9.2076138,45.5185002
26,9.2072915,45.5185989,9.207406,45.5185638
27,9.2074653,45.5186682,9.207406,45.5185638
28,9.2098018,45.5178801,9.2099018,45.5178522
29,9.2101782,45.5183471,9.2099018,45.5178522
30,9.2099791,45.5177594,9.2100123,45.517824
31,9.2101305,45.5177927,9.2100123,45.517824
32,9.2064013,45.5163843,9.2062123,45.5164419
33,9.206285,45.516565,9.2062123,45.5164419
34,9.2053215,45.5166943,9.2047553,45.5168516
35,9.2037853,45.5157481,9.2040826,45.5156662
36,9.2041096,45.5157137,9.2040826,45.5156662
37,9.2054026,45.5154009,9.2053546,45.5153166
38,9.2052913,45.515334,9.2053546,45.5153166
39,9.2065313,45.5163446,9.2064013,45.5163843
40,9.2063305,45.5162596,9.2064013,45.5163843
41,9.2087992,45.5181,9.2076382,45.5160318
42,9.2077137,45.5160107,9.2076382,45.5160318
43,9.2088162,45.5157004,9.2086927,45.5157333
44,9.2087422,45.5158123,9.2086927,45.5157333
45,9.2094589,45.5133373,9.2097481,45.5136653
46,9.2085631,45.5129708,9.2094589,45.5133373
47,9.2095483,45.5133049,9.2094589,45.5133373
48,9.2071651,45.5119569,9.2085631,45.5129708
49,9.2085651,45.5129213,9.2085631,45.5129708
50,9.2118035,45.5289377,9.2115759,45.5285375
51,9.2187343,45.5199905,9.2188382,45.5199378
52,9.2142162,45.5136458,9.2143024,45.5135899
53,9.2144578,45.5136916,9.2143024,45.5135899
54,9.2143024,45.5135899,9.2142511,45.5135308
55,9.2142173,45.5135458,9.2142511,45.5135308
56,9.2133415,45.5122934,9.2132412,45.512321
57,9.2138352,45.5130305,9.2132412,45.512321
58,9.2100105,45.5132387,9.2099006,45.5132696
59,9.2099413,45.5133418,9.2099006,45.5132696
60,9.2107295,45.5147075,9.2106899,45.5146369
61,9.2164493,45.5165037,9.2163939,45.5166047
62,9.2167551,45.5170367,9.2163939,45.5166047
63,9.2143877,45.5172499,9.2143522,45.5171879
64,9.2144509,45.5171628,9.2143522,45.5171879
65,9.2101782,45.5183471,9.2102943,45.5183137
66,9.2100123,45.517824,9.2102943,45.5183137
67,9.2092619,45.5084932,9.2091898,45.5085735
68,9.2090761,45.5085113,9.2091898,45.5085735
69,9.2039031,45.5170909,9.2037872,45.5171206
70,9.2037499,45.5170548,9.2037872,45.5171206
71,9.2059037,45.5105109,9.2061755,45.5109955
72,9.2062716,45.510966,9.2061755,45.5109955
73,9.2081427,45.5099768,9.2080584,45.5100009
74,9.2081774,45.51021,9.2080584,45.5100009
75,9.2080584,45.5100009,9.2079891,45.5099928
76,9.2100492,45.5091365,9.2102127,45.5092163
77,9.2100931,45.5093726,9.2099618,45.5093585
78,9.2099875,45.5094642,9.2099618,45.5093585
79,9.2099618,45.5093585,9.2098802,45.5092512
80,9.2098802,45.5092512,9.2100492,45.5091365
81,9.2098441,45.5089605,9.2100492,45.5091365
82,9.2135734,45.5090039,9.2136869,45.5093899
83,9.2136692,45.508896,9.2136869,45.5093899
84,9.2147962,45.5112199,9.2147345,45.5110952
85,9.2145281,45.5108182,9.2147345,45.5110952
86,9.214674,45.5111171,9.2147345,45.5110952
87,9.2159975,45.512229,9.2162889,45.5125005
88,9.2167284,45.512985,9.2169854,45.5133553
89,9.2186156,45.5155329,9.2193507,45.5162978
90,9.2192808,45.5163295,9.2193507,45.5162978
91,9.2214651,45.5198255,9.2216113,45.5203096
92,9.2217594,45.5202891,9.2216113,45.5203096
93,9.1987625,45.532407,9.1987665,45.5324875
94,9.1987625,45.532407,9.1987665,45.5324875
95,9.2150016,45.5332157,9.2150153,45.5330004
96,9.2150016,45.5332157,9.2150153,45.5330004
97,9.2128451,45.5287639,9.2128344,45.5287454
98,9.2128451,45.5287639,9.2128344,45.5287454
99,9.2128344,45.5287454,9.2118557,45.5290295
100,9.2118035,45.5289377,9.2115759,45.5285375
101,9.2048377,45.5237335,9.2044794,45.5231196
102,9.2048377,45.5237335,9.2044794,45.5231196
103,9.2044391,45.5229498,9.2035719,45.524258
104,9.2044391,45.5229498,9.2035719,45.524258
105,9.2032053,45.5241472,9.2027447,45.5242656
106,9.2032053,45.5241472,9.2027447,45.5242656
107,9.1987503,45.5222473,9.199644,45.5224517
108,9.1987503,45.5222473,9.199644,45.5224517
109,9.2030236,45.5292073,9.1988837,45.5314038
110,9.1877835,45.5318478,9.1988837,45.5314038
111,9.2056515,45.5150773,9.2057087,45.5151742
112,9.2055838,45.5152439,9.2057087,45.5151742
113,9.2029668,45.5159741,9.2031133,45.5159331
114,9.203067,45.5158518,9.2031133,45.5159331
115,9.2087629,45.5181666,9.208826,45.5181495
116,9.2064674,45.5069138,9.2063927,45.5069093
117,9.2057152,45.5068913,9.2055626,45.5068924
118,9.2055613,45.5068578,9.2055626,45.5068924
119,9.2074579,45.5076062,9.207523,45.5069603
120,9.2075414,45.5069086,9.207523,45.5069603
121,9.2063927,45.5069093,9.2057152,45.5068913
122,9.2057187,45.5068566,9.2057152,45.5068913
123,9.2062609,45.5086161,9.2062586,45.5086839
124,9.205,45.5089144,9.2053595,45.509546
125,9.205255,45.5095739,9.2053595,45.509546
126,9.205433,45.5095261,9.2064521,45.5092646
127,9.2061015,45.5106955,9.2061817,45.5108206
128,9.2078776,45.510051,9.2078497,45.5100422
129,9.2069599,45.5106173,9.2078497,45.5100422
130,9.209152,45.5084364,9.2102984,45.5073938
131,9.210452,45.5072249,9.2102984,45.5073938
132,9.2091719,45.5084467,9.2102984,45.5073938
133,9.206396,45.5068729,9.2064991,45.5057088
134,9.2079574,45.5061228,9.2096473,45.5065973
135,9.208588,45.5082566,9.2074579,45.5076062
136,9.208588,45.5082566,9.2088664,45.5084046
137,9.2088935,45.5083576,9.2088664,45.5084046
138,9.2088056,45.5084444,9.208588,45.5082566
139,9.2102243,45.5098903,9.2100145,45.5095138
140,9.2099226,45.5095376,9.2100145,45.5095138
141,9.2110927,45.5114161,9.2110484,45.5113384
142,9.2109581,45.5113648,9.2110484,45.5113384
143,9.2091176,45.5118699,9.2092176,45.5118426
144,9.2091852,45.5117823,9.2092176,45.5118426
145,9.2111495,45.5154554,9.2112496,45.5154222
146,9.2111922,45.5153209,9.2112496,45.5154222
147,9.2173239,45.5225167,9.2173303,45.5225419
148,9.2173303,45.5225419,9.215647,45.5230365
149,9.2156301,45.5230003,9.215647,45.5230365
150,9.2144624,45.5214606,9.2147262,45.5213839
151,9.2147148,45.5213626,9.2147262,45.5213839
152,9.2145539,45.5258244,9.2161219,45.5285245
153,9.2107189,45.5139422,9.2106381,45.5139646
154,9.2121328,45.5134997,9.2121579,45.5135408
155,9.2120684,45.5135653,9.211959,45.5135952
156,9.2108146,45.5139343,9.2108056,45.5139181
157,9.2119543,45.5133756,9.2118458,45.5134059
158,9.2120557,45.5133782,9.2120523,45.5133483
159,9.2127131,45.5134043,9.2124909,45.513465
160,9.2139177,45.5136799,9.2139012,45.5136761
161,9.2139012,45.5136761,9.2136907,45.5133049
162,9.2136347,45.513573,9.213413,45.5131913
163,9.2135987,45.5131394,9.213413,45.5131913
164,9.2132456,45.5136795,9.2136347,45.513573
165,9.2127244,45.5134842,9.2128877,45.5137773
166,9.2127237,45.5133963,9.2127131,45.5134043
167,9.2127237,45.5133963,9.2127131,45.5134043
168,9.2125931,45.5131842,9.2123594,45.5132488
169,9.2126078,45.5131851,9.2125931,45.5131842
170,9.2125485,45.5131077,9.2125931,45.5131842
171,9.2130947,45.5126156,9.2123475,45.5128237
172,9.2132621,45.5129075,9.2130947,45.5126156
173,9.2134972,45.5129277,9.2132766,45.5129924
174,9.2132621,45.5130037,9.2132766,45.5129924
175,9.2135787,45.5129063,9.2134972,45.5129277
176,9.2104691,45.5183465,9.2115489,45.5180425
177,9.2084547,45.507108,9.2084547,45.507108
178,9.2102449,45.5066196,9.2102449,45.5066196
179,9.2031471,45.511275,9.2032877,45.5112391
180,9.2033435,45.511338,9.2032877,45.5112391
181,9.2147345,45.5110952,9.2148985,45.5111795
182,9.2147962,45.5112199,9.2148985,45.5111795
183,9.218412,45.5115609,9.2184802,45.5115767
184,9.2189387,45.5117065,9.2200206,45.5120009
185,9.2223985,45.512558,9.2224634,45.5125679
186,9.22245,45.5126343,9.2224634,45.5125679
187,9.2222205,45.5134966,9.2221402,45.5138758
188,9.2221842,45.5138814,9.2221402,45.5138758
189,9.2046142,45.5108702,9.2046948,45.5108469
190,9.2046555,45.5107713,9.2046948,45.5108469
191,9.2020331,45.5082791,9.2027902,45.5080241
192,9.2035693,45.5093058,9.2034897,45.5093284
193,9.2028205,45.508089,9.2034897,45.5093284
194,9.205,45.5089144,9.2048991,45.5089408
195,9.205255,45.5095739,9.2048991,45.5089408
196,9.2099496,45.5223842,9.2098134,45.5224242
197,9.2097709,45.5223476,9.2098134,45.5224242
198,9.2025744,45.5053965,9.2037795,45.5067565
199,9.2028468,45.5080053,9.2035577,45.5077626
200,9.2035439,45.5077064,9.2035577,45.5077626
201,9.2079741,45.5144476,9.207848,45.5142016
202,9.20548,45.5246761,9.2055131,45.5247359
203,9.2077388,45.514287,9.207848,45.5142016
204,9.2065798,45.5141748,9.2066023,45.5142295
205,9.2065339,45.5142198,9.2066023,45.5142295
206,9.2067039,45.5143776,9.2066748,45.5143261
207,9.207731,45.5144016,9.2066748,45.5143261
208,9.2229255,45.5070082,9.2227284,45.5063612
209,9.2133942,45.5148405,9.2132692,45.514804
210,9.2042697,45.5210759,9.2037021,45.521374
211,9.204315,45.5180517,9.2043389,45.5180939
212,9.2059588,45.5165177,9.2053215,45.5166943
213,9.2064418,45.5188427,9.2065178,45.5188225
214,9.2064781,45.5187519,9.2065178,45.5188225
215,9.2067607,45.519461,9.2057468,45.5199421
216,9.208439,45.5253386,9.2084836,45.5254112
217,9.2040022,45.5265631,9.2038283,45.5266959
218,9.2041611,45.5266392,9.2038283,45.5266959
219,9.2037715,45.5264147,9.2038448,45.5264168
220,9.2038448,45.5264168,9.2040022,45.5265631
221,9.2049075,45.5237145,9.2050152,45.5238141
222,9.205574,45.5235999,9.2050152,45.5238141
223,9.206341,45.5263669,9.2064773,45.5266148
224,9.2060952,45.5260892,9.2053528,45.5263006
225,9.2053829,45.5263636,9.2053528,45.5263006
226,9.2056591,45.5268384,9.2055218,45.5265959
227,9.2062471,45.5263931,9.206341,45.5263669
228,9.2062203,45.5261376,9.206341,45.5263669
229,9.2077161,45.5240502,9.2077549,45.5241158
230,9.2076394,45.5241479,9.2077549,45.5241158
231,9.2099242,45.5235107,9.2099849,45.5234938
232,9.210349,45.5241423,9.2099849,45.5234938
233,9.2095093,45.5225137,9.209446,45.5225323
234,9.2094915,45.522613,9.209446,45.5225323
235,9.2093543,45.5225592,9.208769,45.5227181
236,9.2085894,45.523882,9.2093584,45.5236614
237,9.2093358,45.5236105,9.2093584,45.5236614
238,9.2110439,45.5266457,9.2108071,45.5268195
239,9.2091402,45.5265665,9.2091474,45.5265777
240,9.2089367,45.5267302,9.2091474,45.5265777
241,9.2094582,45.5270672,9.2099156,45.5279584
242,9.2095004,45.5237378,9.2094884,45.5237183
243,9.2032834,45.5266195,9.2035173,45.5268506
244,9.203414,45.5268913,9.2035173,45.5268506
245,9.2030066,45.52888,9.2029881,45.5289463
246,9.2054162,45.5200304,9.2052177,45.5197194
247,9.2051384,45.5197672,9.2040883,45.5211995
248,9.2040318,45.5211654,9.2040883,45.5211995
249,9.2014588,45.5220037,9.2014298,45.5219506
250,9.2014524,45.5219921,9.2014298,45.5219506
251,9.2040883,45.5211995,9.2035908,45.521342
252,9.2043117,45.5223751,9.2040918,45.5222439
253,9.2040747,45.522201,9.2040918,45.5222439
254,9.2037101,45.5227451,9.2036047,45.5228973
255,9.2129843,45.526019,9.2122827,45.5262153
256,9.2052177,45.5197194,9.2050783,45.5193983
257,9.2049928,45.5192475,9.2050783,45.5193983
258,9.2050783,45.5193983,9.2053287,45.5196324
259,9.2058243,45.5207906,9.205763,45.5206633
260,9.2056983,45.5207542,9.205763,45.5206633
261,9.2055298,45.5202291,9.2054162,45.5200304
262,9.2056288,45.5199433,9.2054162,45.5200304
263,9.2053287,45.5196324,9.2056288,45.5199433
264,9.2055298,45.5202291,9.2057499,45.5201861
265,9.2056288,45.5199433,9.2057499,45.5201861
266,9.205763,45.5206633,9.2055298,45.5202291
267,9.2040918,45.5222439,9.2045553,45.522409
268,9.2042741,45.5228173,9.2045553,45.522409
269,9.2038225,45.5171829,9.2040771,45.5176321
270,9.2033914,45.5174936,9.2017615,45.5171671
271,9.199644,45.5224517,9.1983955,45.5258156
272,9.199644,45.5224517,9.1983955,45.5258156
273,9.202212,45.5252924,9.202723,45.5242951
274,9.2032636,45.5169286,9.2034932,45.5168613
275,9.2034932,45.5168613,9.2030698,45.5173679
276,9.2030698,45.5173679,9.2032636,45.5169286
277,9.2058909,45.5208986,9.2058243,45.5207906
278,9.2058939,45.5204529,9.2058243,45.5207906
279,9.2118157,45.5253962,9.2114081,45.5246817
280,9.2114081,45.5246817,9.2133395,45.5241379
281,9.2141717,45.5255912,9.2142194,45.5256736
282,9.2118157,45.5253962,9.2122827,45.5262153
283,9.2234812,45.5235389,9.2230939,45.52304
284,9.2231366,45.5230405,9.2230939,45.52304
285,9.2238266,45.5236107,9.2234812,45.5235389
286,9.2236369,45.5237389,9.2234812,45.5235389
287,9.2239185,45.5218075,9.223965,45.521826
288,9.1983955,45.5258156,9.175387,45.5214696
289,9.2197219,45.5079207,9.2197188,45.5078229
290,9.2232701,45.5081722,9.2231393,45.5077369
291,9.2207643,45.5101344,9.2204109,45.5089952
292,9.2235299,45.5090098,9.2235051,45.5089275
293,9.2234044,45.5089273,9.2235051,45.5089275
294,9.223239,45.5076245,9.2232773,45.5077067
295,9.2233784,45.5076901,9.2242308,45.5075633
296,9.2237061,45.509124,9.2239657,45.509956
297,9.2232773,45.5077067,9.2234033,45.5081557
298,9.2220829,45.5083574,9.2220588,45.5078142
299,9.224543,45.5208531,9.223686,45.5209576
300,9.2208975,45.504157,9.220905,45.504209
301,9.2228066,45.5211725,9.223686,45.5209576
302,9.2222803,45.5144681,9.2217302,45.5145483
303,9.2217604,45.5146523,9.2217302,45.5145483
304,9.2215953,45.5141049,9.2217302,45.5145483
305,9.2235596,45.5137814,9.2235485,45.5137447
306,9.2223371,45.5165203,9.2223157,45.5164494
307,9.2226241,45.5171456,9.2225351,45.51716
308,9.222553,45.517225,9.2225351,45.51716
309,9.2227549,45.517882,9.2227329,45.517805
310,9.222599,45.5178251,9.2227329,45.517805
311,9.2216113,45.5203096,9.2219856,45.5213298
312,9.2244794,45.5229551,9.2237,45.5228411
313,9.2230703,45.5227856,9.2237,45.5228411
314,9.2230187,45.5227405,9.2221191,45.5213462
315,9.2231212,45.5227535,9.2230187,45.5227405
316,9.2210443,45.5186744,9.22137,45.5195103
317,9.2232883,45.5192197,9.225127,45.5189403
318,9.2231325,45.5191618,9.2229167,45.5184439
319,9.2230531,45.518427,9.2229167,45.5184439
320,9.207061,45.5192962,9.2066489,45.5188738
321,9.2107535,45.5189336,9.2104274,45.5183582
322,9.2117396,45.5127506,9.2109548,45.5129719
323,9.210925,45.5129156,9.2109548,45.5129719
324,9.2206917,45.5038765,9.2207435,45.5039217
325,9.220761,45.5039458,9.2207877,45.5039855
326,9.2182985,45.5142954,9.2182279,45.5139066
327,9.220905,45.504209,9.2208593,45.5053624
328,9.2208593,45.5053624,9.220654,45.5053621
329,9.2205149,45.5054297,9.2204962,45.5054597
330,9.2204931,45.5055372,9.2205094,45.5055712
331,9.2205926,45.5056239,9.2206329,45.5056333
332,9.2206329,45.5056333,9.2207008,45.5056332
333,9.2185054,45.5115343,9.2191122,45.5103825
334,9.2207947,45.5104062,9.2191122,45.5103825
335,9.2191122,45.5103825,9.2194154,45.5097811
336,9.2191122,45.5103825,9.218294,45.5103177
337,9.2170758,45.5113505,9.2177074,45.5114399
338,9.217729,45.5114144,9.2177074,45.5114399
339,9.2220173,45.5104234,9.2213214,45.5104136
340,9.2204109,45.5089952,9.2212785,45.5089732
341,9.2212802,45.509017,9.2212785,45.5089732
342,9.2212785,45.5089732,9.2220294,45.5089578
343,9.2220177,45.5103723,9.2220173,45.5104234
344,9.2225835,45.5104314,9.2220173,45.5104234
345,9.2197316,45.5134895,9.2198199,45.5135117
346,9.2198258,45.5134602,9.2198199,45.5135117
347,9.213517,45.5086732,9.2135734,45.5090039
348,9.2135933,45.5071801,9.2146427,45.5077997
349,9.2136856,45.5088776,9.2146427,45.5077997
350,9.2211086,45.5122765,9.2214402,45.5123642
351,9.224354,45.5141593,9.2237055,45.5142665
352,9.2194047,45.5163514,9.2207418,45.5181047
353,9.2226128,45.521748,9.2228567,45.5213016
354,9.2238355,45.5210354,9.2238193,45.5211295
355,9.2233471,45.5211802,9.2238193,45.5211295
356,9.2237133,45.5227901,9.2238606,45.522226
357,9.2237303,45.5216878,9.2227985,45.5219237
358,9.2229595,45.5222223,9.2227985,45.5219237
359,9.2227985,45.5219237,9.2226128,45.521748
360,9.2235339,45.5136781,9.2232733,45.5135536
361,9.2233578,45.5130022,9.2232733,45.5135536
362,9.222306,45.5134995,9.2222205,45.5134966
363,9.2178056,45.5145049,9.2178396,45.5145557
364,9.2179821,45.5145352,9.2178396,45.5145557
365,9.2209751,45.5141023,9.2214933,45.5140253
366,9.2215063,45.5140694,9.2214933,45.5140253
367,9.2214933,45.5140253,9.2215321,45.5140376
368,9.2221243,45.5158643,9.2218275,45.5148711
369,9.2178396,45.5145557,9.2186156,45.5155329
370,9.2187688,45.5155012,9.2186156,45.5155329
371,9.2193507,45.5162978,9.2194047,45.5163514
372,9.222185,45.5160327,9.2221482,45.5159445
373,9.2201893,45.5162351,9.2221482,45.5159445
374,9.2224594,45.5144427,9.2222803,45.5144681
375,9.2222712,45.5144272,9.2222803,45.5144681
376,9.220855,45.5139108,9.2208729,45.5139885
377,9.2212045,45.5071104,9.2212325,45.5070633
378,9.2228103,45.5070099,9.2229255,45.5070082
379,9.2231117,45.5076438,9.2229255,45.5070082
380,9.2220913,45.5077678,9.22125,45.5077862
381,9.2211485,45.5077891,9.22125,45.5077862
382,9.2211509,45.5071147,9.220644,45.5071652
383,9.2197592,45.5077617,9.2198476,45.5077642
384,9.2216647,45.5140883,9.2216647,45.5140883
385,9.2183209,45.5143058,9.2182735,45.5139258
386,9.2182735,45.5139258,9.2194947,45.5137586
387,9.2194947,45.5137586,9.2196001,45.5140699
388,9.2196001,45.5140699,9.2183209,45.5143058
389,9.2182735,45.5139258,9.2183014,45.5133035
390,9.2197475,45.5134548,9.2183014,45.5133035
391,9.2143826,45.5121308,9.214514,45.5120904
392,9.2241761,45.5230543,9.2235288,45.5229649
393,9.2205972,45.5053742,9.2205435,45.505401
394,9.2107722,45.5066558,9.2109125,45.506604
395,9.2110761,45.5067179,9.2110764,45.5067201
396,9.2110764,45.5067201,9.2110177,45.5068092
397,9.2111588,45.5068214,9.2110177,45.5068092
398,9.2110177,45.5068092,9.2110011,45.5068179
399,9.2078905,45.5097624,9.2078905,45.5097624
400,9.2088467,45.5108013,9.2088467,45.5108013
401,9.2185516,45.5195015,9.2184334,45.5195467
402,9.2102127,45.5092163,9.2101987,45.5093173
403,9.2103771,45.5093465,9.2101987,45.5093173
404,9.2074305,45.5135393,9.2071271,45.5130081
405,9.2071271,45.5130081,9.2068719,45.5133312
406,9.2189697,45.5199552,9.2190342,45.5200253
407,9.2103243,45.509863,9.2102243,45.5098903
408,9.2102638,45.5099596,9.2102243,45.5098903
409,9.2110484,45.5113384,9.2111461,45.5113085
410,9.2111045,45.5112353,9.2111461,45.5113085
411,9.2126112,45.5140895,9.2127154,45.5140763
412,9.2126661,45.5139896,9.2127154,45.5140763
413,9.2101987,45.5093173,9.2100931,45.5093726
414,9.2103646,45.5099339,9.210575,45.510304
415,9.2118361,45.5127234,9.2119321,45.5126956
416,9.211894,45.5126284,9.2119321,45.5126956
417,9.2120232,45.5126716,9.2119321,45.5126956
418,9.2120327,45.5099055,9.2120728,45.509992
419,9.2121427,45.5099743,9.2120728,45.509992
420,9.2133203,45.5122565,9.2133415,45.5122934
421,9.2139294,45.5129974,9.2143505,45.5134875
422,9.2143177,45.5135034,9.2143505,45.5134875
423,9.2205938,45.5234109,9.2204956,45.5234488
424,9.2038668,45.5263542,9.2038913,45.5262439
425,9.2038668,45.5263542,9.2038913,45.5262439
426,9.2038913,45.5262439,9.2039231,45.526101
427,9.2038913,45.5262439,9.2039231,45.526101
428,9.203414,45.5268913,9.2032834,45.5266195
429,9.2024608,45.5263076,9.2032834,45.5266195
430,9.2043921,45.5239795,9.2037782,45.5261808
431,9.2037401,45.5263131,9.2037782,45.5261808
432,9.2034192,45.5262919,9.2037782,45.5261808
433,9.2035734,45.5267991,9.2037142,45.5267638
434,9.2037473,45.5267134,9.2037142,45.5267638
435,9.203738,45.5268064,9.2050989,45.5287604
436,9.2071802,45.5185304,9.2065807,45.5174664
437,9.2065013,45.5174887,9.2065807,45.5174664
438,9.2072826,45.5187191,9.2072295,45.5186179
439,9.2071413,45.5186446,9.2072295,45.5186179
440,9.2060928,45.5164784,9.2060341,45.5164963
441,9.2060931,45.5166011,9.2060341,45.5164963
442,9.2054239,45.5152975,9.2055496,45.515263
443,9.2055971,45.515347,9.2055496,45.515263
444,9.2046896,45.5224491,9.2044167,45.5228408
445,9.2044333,45.5231306,9.2041265,45.5234564
446,9.2035712,45.52421,9.2041265,45.5234564
447,9.2041265,45.5234564,9.2043921,45.5239795
448,9.2050152,45.5238141,9.2043921,45.5239795
449,9.203881,45.5241215,9.2043921,45.5239795
450,9.2045525,45.5233676,9.2043921,45.5239795
451,9.2098134,45.5224242,9.2096379,45.5224758
452,9.209685,45.5225572,9.2096379,45.5224758
453,9.2063914,45.5184325,9.2059864,45.5177077
454,9.2059864,45.5177077,9.206956,45.5182764
455,9.2068131,45.5183159,9.2063914,45.5184325
456,9.2030414,45.511206,9.201484,45.5084679
457,9.2031458,45.5113921,9.2030889,45.5112904
458,9.2030095,45.5113135,9.2030889,45.5112904
459,9.2150746,45.5111288,9.2159859,45.5109769
460,9.2035973,45.5111591,9.2036552,45.5111444
461,9.2036025,45.5110506,9.2036552,45.5111444
462,9.2041726,45.5120381,9.2043407,45.5123285
463,9.2043973,45.5123135,9.2043407,45.5123285
464,9.2045393,45.5126844,9.2053357,45.514112
465,9.2066682,45.516304,9.2065939,45.5163255
466,9.2065353,45.5162234,9.2065939,45.5163255
467,9.2015415,45.5113948,9.2015415,45.5113948
468,9.2077334,45.5184651,9.2077878,45.5184469
469,9.2077447,45.5183704,9.2077878,45.5184469
470,9.2099715,45.5222846,9.2100149,45.522365
471,9.210088,45.5223435,9.2100149,45.522365
472,9.2121682,45.5263179,9.2122527,45.5263271
473,9.212208,45.5262468,9.2122527,45.5263271
474,9.2123372,45.5263021,9.2122527,45.5263271
475,9.214514,45.5120904,9.2146568,45.5118788
476,9.2138258,45.5125238,9.2138842,45.5123438
477,9.222856,45.5177865,9.2246847,45.5175112
478,9.2224514,45.5164287,9.2242845,45.5161575
479,9.223734,45.5143554,9.2242845,45.5161575
480,9.2231834,45.5193332,9.2231555,45.5192395
481,9.223032,45.5192582,9.2231555,45.5192395
482,9.2235067,45.5200271,9.2233934,45.520044
483,9.2234239,45.5201429,9.2233934,45.520044
484,9.2032374,45.5111517,9.2016566,45.5084104
485,9.2041197,45.5075725,9.2042206,45.5075377
486,9.2041703,45.5074518,9.2042206,45.5075377
487,9.2042832,45.5074973,9.2042206,45.5075377
488,9.205855,45.5150205,9.205906,45.51512
489,9.2058484,45.5151358,9.205906,45.51512
490,9.2082237,45.5146385,9.2088162,45.5157004
491,9.205858,45.5104304,9.2059037,45.5105109
492,9.2049509,45.5088285,9.205,45.5089144
493,9.2112166,45.5199612,9.2111063,45.5199952
494,9.2111561,45.5200885,9.2111063,45.5199952
495,9.2111716,45.5198757,9.2112166,45.5199612
496,9.2029439,45.5154398,9.2028044,45.5151499
497,9.2028044,45.5151499,9.2041438,45.5155582
498,9.2036373,45.5156773,9.2032886,45.5157724
499,9.2032886,45.5157724,9.2031949,45.5157486
500,9.2235636,45.5124895,9.2243832,45.5124724
501,9.2085268,45.5254787,9.2091402,45.5265665
502,9.2090372,45.5265952,9.2091402,45.5265665
503,9.2084836,45.5254112,9.2085268,45.5254787
504,9.2083997,45.5255177,9.2085268,45.5254787
505,9.2083501,45.5253632,9.208439,45.5253386
506,9.2079813,45.524521,9.208439,45.5253386
507,9.2084836,45.5254112,9.2083309,45.5254544
508,9.2082986,45.5253967,9.2083309,45.5254544
509,9.2077549,45.5241158,9.2077942,45.5241868
510,9.207701,45.5242132,9.2077942,45.5241868
511,9.2056076,45.5247096,9.2076394,45.5241479
512,9.2076132,45.5241028,9.2076394,45.5241479
513,9.2072401,45.5232242,9.2077161,45.5240502
514,9.2076229,45.5240765,9.2077161,45.5240502
515,9.2077549,45.5241158,9.2078678,45.5240854
516,9.2078438,45.5240382,9.2078678,45.5240854
517,9.2078678,45.5240854,9.2085894,45.523882
518,9.2085639,45.5238369,9.2085894,45.523882
519,9.2073315,45.5231146,9.2071966,45.5231526
520,9.2069911,45.5227935,9.2071966,45.5231526
521,9.2071966,45.5231526,9.2072401,45.5232242
522,9.2071604,45.5232469,9.2072401,45.5232242
523,9.2071966,45.5231526,9.2070901,45.5231816
524,9.207064,45.5231388,9.2070901,45.5231816
525,9.207823,45.5229793,9.2073315,45.5231146
526,9.2073074,45.5230735,9.2073315,45.5231146
527,9.206471,45.5218601,9.206523,45.5219505
528,9.2064304,45.5219766,9.206523,45.5219505
529,9.2060327,45.5210826,9.2058909,45.5208986
530,9.2058277,45.5209484,9.2058909,45.5208986
531,9.2052177,45.5197194,9.2051384,45.5197672
532,9.205097,45.5197032,9.2051384,45.5197672
533,9.2049928,45.5192475,9.2050896,45.5192191
534,9.2050584,45.5191671,9.2050896,45.5192191
535,9.2050896,45.5192191,9.2064418,45.5188427
536,9.2064095,45.5187854,9.2064418,45.5188427
537,9.2068753,45.5163603,9.20682,45.5162632
538,9.2075602,45.5160538,9.20682,45.5162632
539,9.2065939,45.5163255,9.2066518,45.5164283
540,9.2066909,45.5163936,9.2066518,45.5164283
541,9.2070734,45.5150319,9.207011,45.5149213
542,9.206947,45.5149397,9.207011,45.5149213
543,9.2069611,45.514833,9.2069231,45.5147657
544,9.2068597,45.5147824,9.2069231,45.5147657
545,9.2057087,45.5151742,9.2057416,45.5152283
546,9.2066748,45.5143261,9.2065868,45.5143219
547,9.2065746,45.5143004,9.2065868,45.5143219
548,9.2054316,45.5141525,9.2065339,45.5142198
549,9.2064979,45.514182,9.2065339,45.5142198
550,9.2069231,45.5147657,9.2067039,45.5143776
551,9.206632,45.5143746,9.2067039,45.5143776
552,9.2062072,45.5134966,9.2065798,45.5141748
553,9.2065108,45.5141618,9.2065798,45.5141748
554,9.2053409,45.5119822,9.205373,45.5120399
555,9.2054571,45.5120167,9.205373,45.5120399
556,9.205373,45.5120399,9.2054095,45.5121056
557,9.2053493,45.5121219,9.2054095,45.5121056
558,9.2063965,45.5117509,9.2054571,45.5120167
559,9.2054323,45.5119755,9.2054571,45.5120167
560,9.2054054,45.5119653,9.2053409,45.5119822
561,9.2047385,45.510923,9.2053409,45.5119822
562,9.205373,45.5120399,9.2052895,45.5120624
563,9.2052677,45.5120259,9.2052895,45.5120624
564,9.1988375,45.5325732,9.1989321,45.532597
565,9.1988375,45.5325732,9.1989321,45.532597
566,9.2129021,45.5164195,9.2125368,45.5165198
567,9.2123142,45.5161337,9.2122934,45.5160981
568,9.2123381,45.5160853,9.2122934,45.5160981
569,9.2033054,45.5178256,9.2017586,45.5182909
570,9.2164319,45.5207374,9.216472,45.5208082
571,9.2186591,45.5202039,9.216472,45.5208082
572,9.2034192,45.5262919,9.202526,45.5257872
573,9.2085661,45.5253046,9.2085487,45.5252728
574,9.20915,45.5251093,9.2094718,45.5256806
575,9.2100157,45.5255369,9.209256,45.5257532
576,9.209198,45.5257481,9.2087887,45.5257121
577,9.2094718,45.5256806,9.2100157,45.5255369
578,9.20878,45.5256962,9.2085661,45.5253046
579,9.2085424,45.5253099,9.2085661,45.5253046
580,9.2097487,45.5261552,9.2096274,45.525925
581,9.2090792,45.5255321,9.2096274,45.525925
582,9.2096274,45.525925,9.2097487,45.5261552
583,9.2100685,45.526729,9.2097487,45.5261552
584,9.2097487,45.5261552,9.210513,45.5266014
585,9.210513,45.5266014,9.2106874,45.5266787
586,9.2086046,45.5142846,9.2086046,45.5142846
587,9.2083956,45.5103904,9.2082883,45.5104197
588,9.2083364,45.5105033,9.2082883,45.5104197
589,9.2102009,45.5139148,9.2102554,45.5138997
590,9.210278,45.5139381,9.2102554,45.5138997
591,9.209166,45.5119549,9.2091176,45.5118699
592,9.2114394,45.515757,9.2113353,45.5157864
593,9.2114056,45.5159117,9.2113353,45.5157864
594,9.2113353,45.5157864,9.2111495,45.5154554
595,9.2110864,45.5154723,9.2111495,45.5154554
596,9.2116666,45.5163667,9.2116194,45.5162923
597,9.2117255,45.5162611,9.2116194,45.5162923
598,9.2102844,45.5097881,9.2103243,45.509863
599,9.2037795,45.5067565,9.2036811,45.5067847
600,9.2040789,45.5074951,9.2036811,45.5067847
601,9.2041584,45.5076413,9.2041197,45.5075725
602,9.2040316,45.5076025,9.2041197,45.5075725
603,9.2085631,45.5129708,9.2082576,45.5137066
604,9.2078331,45.5134605,9.2082576,45.5137066
605,9.2209196,45.5140856,9.2209257,45.5141106
606,9.2044466,45.5180627,9.2058677,45.517666
607,9.2058431,45.5176224,9.2058677,45.517666
608,9.2163939,45.5166047,9.2160939,45.5161011
609,9.2159207,45.5161503,9.2160939,45.5161011
610,9.2035173,45.5268506,9.2030066,45.52888
611,9.2032014,45.5289215,9.2030066,45.52888
612,9.2116267,45.5264128,9.2110833,45.5254511
613,9.2110447,45.5254609,9.2110833,45.5254511
614,9.2057385,45.5268186,9.2056591,45.5268384
615,9.2063452,45.5260189,9.2062056,45.5260584
616,9.2062097,45.525972,9.2062056,45.5260584
617,9.2237303,45.5216878,9.2238894,45.521796
618,9.2238355,45.5210354,9.2238894,45.521796
619,9.2228227,45.5212155,9.2238355,45.5210354
620,9.2238318,45.5210254,9.2238355,45.5210354
621,9.2038283,45.5266959,9.2037598,45.5266945
622,9.2037598,45.5266945,9.2036262,45.5266287
623,9.2036262,45.5266287,9.2037715,45.5264147
624,9.2238193,45.5211295,9.2237303,45.5216878
625,9.2100469,45.5174047,9.2099036,45.517445
626,9.2104668,45.5172865,9.2100469,45.5174047
627,9.2117094,45.526554,9.2117572,45.5264815
628,9.2034672,45.5111929,9.2035973,45.5111591
629,9.2065939,45.5163255,9.2065313,45.5163446
630,9.2076138,45.5185002,9.2077334,45.5184651
631,9.2100149,45.522365,9.2099496,45.5223842
632,9.2056532,45.5077039,9.2056532,45.5077039
633,9.2046087,45.5105099,9.2046087,45.5105099
634,9.2055496,45.515263,9.205537,45.5152393
635,9.2140212,45.5127487,9.214233,45.5130408
636,9.2138619,45.5125314,9.2140212,45.5127487
637,9.2091898,45.5085735,9.2091267,45.5086451
638,9.209254,45.5087157,9.2091267,45.5086451
639,9.2098802,45.5092512,9.2097502,45.5090163
640,9.2142437,45.5130568,9.2142544,45.5130729
641,9.2142544,45.5130729,9.2143814,45.513248
642,9.2135845,45.5153053,9.2135353,45.5152718
643,9.2138372,45.5155833,9.2135845,45.5153053
644,9.2135353,45.5152718,9.2139576,45.5149228
645,9.2058554,45.5209953,9.2055284,45.5212136
646,9.2057402,45.5209185,9.2055284,45.5212136
647,9.2060327,45.5210826,9.2058554,45.5209953
648,9.2058277,45.5209484,9.2058554,45.5209953
649,9.2059923,45.5208187,9.2060327,45.5210826
650,9.2061253,45.5210578,9.2060327,45.5210826
651,9.2234636,45.508804,9.2233134,45.5083163
652,9.2221999,45.5083539,9.2220829,45.5083574
653,9.2223456,45.5089046,9.2220829,45.5083574
654,9.2210787,45.5067678,9.2209388,45.5067707
655,9.2209388,45.5067707,9.2207752,45.5067745
656,9.2199333,45.5074522,9.2200214,45.5072888
657,9.2171252,45.5120131,9.2169348,45.5116055
658,9.2169348,45.5116055,9.2169661,45.511443
659,9.2169661,45.511443,9.2171252,45.5120131
660,9.2177677,45.5114498,9.2181559,45.5115193
661,9.218148,45.5115766,9.2181559,45.5115193
662,9.2194173,45.5102158,9.2194132,45.5101661
663,9.2123853,45.5269673,9.2138677,45.5295919
664,9.2061755,45.5109955,9.2060697,45.5110252
665,9.2061221,45.5111191,9.2060697,45.5110252
666,9.2098668,45.5177882,9.2099791,45.5177594
667,9.2088585,45.5157798,9.2099791,45.5177594
668,9.2110576,45.5199093,9.2102363,45.5184477
669,9.2101566,45.5184698,9.2102363,45.5184477
670,9.2099018,45.5178522,9.2098668,45.5177882
671,9.2097813,45.5178102,9.2098668,45.5177882
672,9.1994411,45.5326333,9.2150016,45.5332157
673,9.1994411,45.5326333,9.2150016,45.5332157
674,9.2102363,45.5184477,9.2103522,45.5184154
675,9.2102943,45.5183137,9.2103522,45.5184154
676,9.2102943,45.5183137,9.2104095,45.5182803
677,9.210439,45.5183323,9.2104095,45.5182803
678,9.2102363,45.5184477,9.2101782,45.5183471
679,9.208826,45.5181495,9.2098018,45.5178801
680,9.2097739,45.5178309,9.2098018,45.5178801
681,9.21127,45.5266,9.2111606,45.5264027
682,9.2062229,45.5108831,9.2062716,45.510966
683,9.2070373,45.5107588,9.2062716,45.510966
684,9.2150153,45.5330004,9.214883,45.53247
685,9.2150153,45.5330004,9.214883,45.53247
686,9.2106825,45.5176393,9.2101305,45.5177927
687,9.2101048,45.5177487,9.2101305,45.5177927
688,9.2110004,45.5264412,9.2108404,45.5261329
689,9.214883,45.53247,9.2140345,45.5308123
690,9.214883,45.53247,9.2140345,45.5308123
691,9.2111606,45.5264027,9.2110004,45.5264412
692,9.2125019,45.527988,9.2120486,45.5271759
693,9.2076352,45.5115219,9.2082677,45.5120142
694,9.2083129,45.5121136,9.208376,45.5123025
695,9.208376,45.5123025,9.2085587,45.5128823
696,9.2073,45.5118368,9.2085651,45.5129213
697,9.2085587,45.5128823,9.2085651,45.5129213
698,9.2071651,45.5119569,9.2073,45.5118368
699,9.2082677,45.5120142,9.2073,45.5118368
700,9.2082677,45.5120142,9.2083129,45.5121136
701,9.2073,45.5118368,9.2076352,45.5115219
702,9.2074917,45.5114123,9.2076352,45.5115219
703,9.2083129,45.5121136,9.2087765,45.5119844
704,9.2109752,45.5237635,9.2114965,45.5236318
705,9.2114965,45.5236318,9.2121491,45.5234471
706,9.2114965,45.5236318,9.2116467,45.5239061
707,9.2187102,45.505452,9.218641,45.5053272
708,9.2184707,45.5050498,9.2183648,45.5048675
709,9.2137265,45.5095025,9.2140041,45.5100726
710,9.2138816,45.5100477,9.2140041,45.5100726
711,9.218641,45.5053272,9.2184707,45.5050498
712,9.221114,45.5193177,9.2210597,45.5193596
713,9.2210597,45.5193596,9.2210208,45.5193774
714,9.2209638,45.5186914,9.221114,45.5193177
715,9.2117661,45.5153819,9.2117525,45.5153616
716,9.2127035,45.5150704,9.2127155,45.5150923
717,9.2129904,45.5150122,9.2127155,45.5150923
718,9.2137824,45.5173149,9.2133975,45.5174271
719,9.2131303,45.5160557,9.2127625,45.5161591
720,9.2131303,45.5160557,9.2127625,45.5161591
721,9.2135267,45.516248,9.2132767,45.5163167
722,9.2131303,45.5160557,9.2132767,45.5163167
723,9.2129168,45.51568,9.2128994,45.5156851
724,9.2132767,45.5163167,9.2129021,45.5164195
725,9.2127625,45.5161591,9.2129021,45.5164195
726,9.2125368,45.5165198,9.2123928,45.5162631
727,9.2127625,45.5161591,9.2123928,45.5162631
728,9.2127625,45.5161591,9.2123928,45.5162631
729,9.2142849,45.5190191,9.2135118,45.5176264
730,9.2133975,45.5174271,9.2135118,45.5176264
731,9.2140321,45.5166049,9.213797,45.5161738
732,9.2128994,45.5156851,9.2121919,45.5158802
733,9.2143305,45.5190059,9.2142849,45.5190191
734,9.2132772,45.5160144,9.2131303,45.5160557
735,9.2132772,45.5160144,9.2131303,45.5160557
736,9.2131225,45.516042,9.2131303,45.5160557
737,9.2232773,45.5077067,9.2233784,45.5076901
738,9.2121877,45.5150591,9.2122447,45.5150426
739,9.2233624,45.5076378,9.2233784,45.5076901
740,9.2235051,45.5089275,9.2236523,45.5089332
741,9.2236029,45.5087822,9.2236523,45.5089332
742,9.2148985,45.5111795,9.2149804,45.5111943
743,9.2152811,45.5115878,9.2151679,45.5114805
744,9.2062123,45.5164419,9.2060928,45.5164784
745,9.2096379,45.5224758,9.2095093,45.5225137
746,9.2082419,45.5103225,9.2081774,45.51021
747,9.2069162,45.5121863,9.2071651,45.5119569
748,9.2092841,45.5128205,9.2093243,45.5128881
749,9.2090293,45.5123731,9.2088048,45.5119765
750,9.2087765,45.5119844,9.2088048,45.5119765
751,9.2085651,45.5129213,9.2090293,45.5123731
752,9.2090293,45.5123731,9.2092841,45.5128205
753,9.2093243,45.5128881,9.2095483,45.5133049
754,9.2053357,45.514112,9.2054316,45.5141525
755,9.205401,45.5140923,9.2054316,45.5141525
756,9.2068778,45.5148556,9.2069611,45.514833
757,9.2069917,45.5148872,9.2069611,45.514833
758,9.207898,45.5144657,9.207731,45.5144016
759,9.2077249,45.5143765,9.207731,45.5144016
760,9.2188272,45.514337,9.2178085,45.5144067
761,9.2200131,45.5120562,9.2198258,45.5134602
762,9.2197817,45.5134459,9.2198258,45.5134602
763,9.2188052,45.5142643,9.2188272,45.514337
764,9.2198232,45.5137061,9.2201297,45.5136585
765,9.2193581,45.5133947,9.2197316,45.5134895
766,9.2197475,45.5134548,9.2197316,45.5134895
767,9.2178085,45.5144067,9.2182985,45.5142954
768,9.219762,45.5141246,9.2188052,45.5142643
769,9.2232733,45.5135536,9.222306,45.5134995
770,9.2223117,45.5134581,9.222306,45.5134995
771,9.2235422,45.5137181,9.2235339,45.5136781
772,9.2235989,45.5136675,9.2235339,45.5136781
773,9.2181559,45.5115193,9.218412,45.5115609
774,9.2184305,45.5115297,9.218412,45.5115609
775,9.2177569,45.5144391,9.2178056,45.5145049
776,9.2177449,45.5145142,9.2178056,45.5145049
777,9.2218275,45.5148711,9.2217604,45.5146523
778,9.2216961,45.5146616,9.2217604,45.5146523
779,9.2223157,45.5164494,9.2224514,45.5164287
780,9.2224381,45.5163777,9.2224514,45.5164287
781,9.2184802,45.5115767,9.2185054,45.5115343
782,9.2184563,45.511521,9.2185054,45.5115343
783,9.2223157,45.5164494,9.222293,45.5163812
784,9.2222226,45.5163942,9.222293,45.5163812
785,9.2200206,45.5120009,9.2200131,45.5120562
786,9.219954,45.5120404,9.2200131,45.5120562
787,9.2229637,45.5143714,9.2224594,45.5144427
788,9.2224452,45.5143984,9.2224594,45.5144427
789,9.2225158,45.5170951,9.2223371,45.5165203
790,9.222265,45.5165308,9.2223371,45.5165203
791,9.222293,45.5163812,9.222185,45.5160327
792,9.2221154,45.5160434,9.222185,45.5160327
793,9.2053528,45.5263006,9.2052531,45.5263288
794,9.2052278,45.5262494,9.2052531,45.5263288
795,9.2055218,45.5265959,9.2053829,45.5263636
796,9.2052998,45.5263925,9.2053829,45.5263636
797,9.2044167,45.5228408,9.2023524,45.5258115
798,9.223996,45.5103018,9.223996,45.5103018
799,9.2072295,45.5186179,9.2072915,45.5185989
800,9.2211745,45.5076301,9.2212455,45.5076177
801,9.2212496,45.5077248,9.2212455,45.5076177
802,9.221107,45.5076763,9.2211745,45.5076301
803,9.2211707,45.5075673,9.2211745,45.5076301
804,9.2210094,45.507749,9.221107,45.5076763
805,9.2209951,45.5077935,9.2210094,45.507749
806,9.2210779,45.5077487,9.2210094,45.507749
807,9.2197188,45.5078229,9.2209951,45.5077935
808,9.2229167,45.5184439,9.2228971,45.5183717
809,9.2228145,45.5183826,9.2228971,45.5183717
810,9.2248736,45.5181609,9.2230531,45.518427
811,9.2230417,45.5183806,9.2230531,45.518427
812,9.2231555,45.5192395,9.2231325,45.5191618
813,9.2230607,45.5191723,9.2231325,45.5191618
814,9.2231555,45.5192395,9.2232883,45.5192197
815,9.2232746,45.5191678,9.2232883,45.5192197
816,9.2214711,45.5194922,9.223032,45.5192582
817,9.2230158,45.5192059,9.223032,45.5192582
818,9.2233245,45.5198108,9.2231834,45.5193332
819,9.2231091,45.519345,9.2231834,45.5193332
820,9.2141706,45.5136617,9.2142162,45.5136458
821,9.2140961,45.513683,9.2141706,45.5136617
822,9.2209031,45.5140107,9.2209085,45.5140398
823,9.2209593,45.5140337,9.2209085,45.5140398
824,9.2235454,45.5137319,9.2235422,45.5137181
825,9.2030889,45.5112904,9.2031471,45.511275
826,9.2053546,45.5153166,9.2054239,45.5152975
827,9.2039512,45.5124278,9.2033914,45.5114221
828,9.2059172,45.5152581,9.205971,45.5152432
829,9.2059355,45.5151751,9.205971,45.5152432
830,9.2118397,45.526352,9.2118014,45.526286
831,9.2037521,45.5175658,9.203738,45.5176109
832,9.2033794,45.5175398,9.203738,45.5176109
833,9.2038775,45.5183671,9.2037983,45.5182298
834,9.2039482,45.518192,9.2037983,45.5182298
835,9.2039663,45.5176087,9.2037521,45.5175658
836,9.2037983,45.5182298,9.2037261,45.5177954
837,9.203738,45.5176109,9.2037261,45.5177954
838,9.2043773,45.5181616,9.2044866,45.5183545
839,9.204262,45.5184172,9.2039557,45.5185027
840,9.2039557,45.5185027,9.2038775,45.5183671
841,9.2033054,45.5178256,9.2031606,45.5184495
842,9.2037521,45.5175658,9.2033914,45.5174936
843,9.2040022,45.5265631,9.2041611,45.5266392
844,9.2042117,45.5266249,9.2041611,45.5266392
845,9.2234033,45.5081557,9.2235329,45.5082263
846,9.2235195,45.5081488,9.2235329,45.5082263
847,9.2233134,45.5083163,9.2232314,45.5083267
848,9.2232129,45.5082642,9.2232314,45.5083267
849,9.2235051,45.5089275,9.2234636,45.508804
850,9.2233779,45.5088174,9.2234636,45.508804
851,9.2223452,45.5089499,9.2234044,45.5089273
852,9.2233913,45.5088648,9.2234044,45.5089273
853,9.2238601,45.5101079,9.2235299,45.5090098
854,9.2234296,45.5090226,9.2235299,45.5090098
855,9.2231046,45.5099603,9.2230562,45.5099673
856,9.1973988,45.5213458,9.1967077,45.5211508
857,9.1973988,45.5213458,9.1967077,45.5211508
858,9.1979333,45.5222393,9.1987503,45.5222473
859,9.1979333,45.5222393,9.1987503,45.5222473
860,9.2111791,45.5255173,9.2114259,45.525958
861,9.2118604,45.525693,9.2120102,45.5259618
862,9.2111094,45.5254445,9.2111791,45.5255173
863,9.2071706,45.5143391,9.2071773,45.5142893
864,9.2208966,45.5139774,9.2209031,45.5140107
865,9.2082758,45.5105179,9.2083364,45.5105033
866,9.2083442,45.5105243,9.2083364,45.5105033
867,9.2063255,45.5110643,9.2074328,45.5107456
868,9.2074328,45.5107456,9.208016,45.5105829
869,9.2080525,45.5106474,9.208016,45.5105829
870,9.2121877,45.5150591,9.2122447,45.5150426
871,9.2117407,45.515338,9.2121186,45.5152325
872,9.2117407,45.515338,9.2121186,45.5152325
873,9.2121186,45.5152325,9.2120457,45.5151002
874,9.2121186,45.5152325,9.2120457,45.5151002
875,9.2122447,45.5150426,9.2123217,45.5151772
876,9.2122447,45.5150426,9.2123217,45.5151772
877,9.2140008,45.5148588,9.2139391,45.5148681
878,9.2139391,45.5148681,9.213808,45.5148821
879,9.213671,45.5148769,9.2135216,45.5148623
880,9.213808,45.5148821,9.213671,45.5148769
881,9.2135216,45.5148623,9.2133942,45.5148405
882,9.2132692,45.514804,9.2132948,45.5146865
883,9.2139916,45.5149426,9.2140008,45.5148588
884,9.2139576,45.5149228,9.2139916,45.5149426
885,9.2132015,45.5145036,9.2132015,45.5145036
886,9.2135027,45.5158432,9.2134891,45.5158667
887,9.2139367,45.5160525,9.2138988,45.5160278
888,9.2078293,45.5185666,9.2080367,45.5189241
889,9.209806,45.5220656,9.2099042,45.5222533
890,9.209806,45.5220656,9.2099042,45.5222533
891,9.2095397,45.5218292,9.209806,45.5220656
892,9.2097035,45.5218614,9.209806,45.5220656
893,9.2093019,45.5222025,9.2094331,45.5224218
894,9.2094489,45.5224488,9.2094331,45.5224218
895,9.2094331,45.5224218,9.2093019,45.5222025
896,9.2095218,45.5223965,9.2093019,45.5222025
897,9.209166,45.5219755,9.2093019,45.5222025
898,9.2127375,45.5133853,9.2127237,45.5133963
899,9.2099355,45.5094688,9.2099875,45.5094642
900,9.2100013,45.5094933,9.2099875,45.5094642
901,9.2132766,45.5129924,9.2132284,45.5129173
902,9.2097502,45.5090163,9.2098441,45.5089605
903,9.2093232,45.5086501,9.2098441,45.5089605
904,9.2100931,45.5093726,9.2101074,45.5094535
905,9.2099875,45.5094642,9.2101074,45.5094535
906,9.2129378,45.513099,9.2132511,45.5130122
907,9.2132621,45.5130037,9.2132511,45.5130122
908,9.2125115,45.5131163,9.2125485,45.5131077
909,9.2129378,45.513099,9.2126235,45.513186
910,9.2126078,45.5131851,9.2126235,45.513186
911,9.2123475,45.5128237,9.2125115,45.5131163
912,9.2101074,45.5094535,9.2101166,45.5094737
913,9.2132284,45.5129173,9.2132621,45.5129075
914,9.2127533,45.5134763,9.2127244,45.5134842
915,9.2133687,45.513207,9.2133544,45.5132142
916,9.2133687,45.513207,9.2133544,45.5132142
917,9.2127131,45.5134043,9.2127533,45.5134763
918,9.2136907,45.5133049,9.2135987,45.5131394
919,9.213413,45.5131913,9.2133839,45.5131992
920,9.213413,45.5131913,9.2133839,45.5131992
921,9.2130485,45.513299,9.2127375,45.5133853
922,9.2130485,45.513299,9.2127375,45.5133853
923,9.2133839,45.5131992,9.2133687,45.513207
924,9.2133839,45.5131992,9.2133687,45.513207
925,9.2133687,45.513207,9.2131673,45.5135099
926,9.2131673,45.5135099,9.2127237,45.5133963
927,9.2127375,45.5133853,9.2127237,45.5133963
928,9.2132766,45.5129924,9.2132621,45.5130037
929,9.2132511,45.5130122,9.2132621,45.5130037
930,9.2125931,45.5131842,9.2126078,45.5131851
931,9.2128144,45.5128837,9.2126078,45.5131851
932,9.2126235,45.513186,9.2126078,45.5131851
933,9.2131673,45.5135099,9.2130485,45.513299
934,9.2133544,45.5132142,9.2130485,45.513299
935,9.2133544,45.5132142,9.2130485,45.513299
936,9.2128144,45.5128837,9.2129378,45.513099
937,9.2126235,45.513186,9.2129378,45.513099
938,9.2132511,45.5130122,9.2129378,45.513099
939,9.2132621,45.5130037,9.2128144,45.5128837
940,9.2117741,45.5132798,9.2117423,45.5132238
941,9.2120523,45.5137624,9.2120739,45.5138012
942,9.2143814,45.513248,9.2146085,45.513558
943,9.2136914,45.5125936,9.2138254,45.5125447
944,9.2138241,45.5126224,9.2138254,45.5125447
945,9.2138254,45.5125447,9.2138619,45.5125314
946,9.2138842,45.5123438,9.2139265,45.512271
947,9.2133563,45.5157931,9.2130844,45.5159745
948,9.2130751,45.5159581,9.2130844,45.5159745
949,9.2116229,45.5139693,9.2117033,45.5141171
950,9.2134489,45.5157666,9.2133563,45.5157931
951,9.212782,45.5160602,9.2123663,45.516178
952,9.2133563,45.5157931,9.2130344,45.5158855
953,9.2130168,45.5158555,9.2130344,45.5158855
954,9.2116148,45.5141413,9.2115248,45.514166
955,9.2098566,45.5148121,9.2097036,45.5145422
956,9.2117033,45.5141171,9.2116148,45.5141413
957,9.2136573,45.5162122,9.2135068,45.5159499
958,9.2135514,45.5159372,9.2135068,45.5159499
959,9.2125368,45.5165198,9.2126143,45.5166576
960,9.2127298,45.5168627,9.2126143,45.5166576
961,9.2126413,45.51665,9.2126143,45.5166576
962,9.2127547,45.516907,9.212791,45.5169715
963,9.2121574,45.5166251,9.212791,45.5169715
964,9.2123928,45.5162631,9.212235,45.5163075
965,9.2123928,45.5162631,9.212235,45.5163075
966,9.2135267,45.516248,9.2136573,45.5162122
967,9.213698,45.516201,9.2136573,45.5162122
968,9.213698,45.516201,9.2136573,45.5162122
969,9.2137889,45.5165362,9.213683,45.5166161
970,9.2135104,45.5167424,9.213683,45.5166161
971,9.2133518,45.5164534,9.2134898,45.5167048
972,9.2133518,45.5164534,9.2134898,45.5167048
973,9.2131398,45.5168372,9.2134898,45.5167048
974,9.2135068,45.5159499,9.2132772,45.5160144
975,9.2135068,45.5159499,9.2132772,45.5160144
976,9.2125368,45.5165198,9.2121574,45.5166251
977,9.2120151,45.5163693,9.2121574,45.5166251
978,9.2127298,45.5168627,9.2127547,45.516907
979,9.2127298,45.5168627,9.2127547,45.516907
980,9.212791,45.5169715,9.2127547,45.516907
981,9.2127547,45.516907,9.2128448,45.5169215
982,9.213683,45.5166161,9.2135267,45.516248
983,9.2136573,45.5162122,9.2135267,45.516248
984,9.212235,45.5163075,9.2119556,45.5162628
985,9.2134898,45.5167048,9.2133518,45.5164534
986,9.2132767,45.5163167,9.2133518,45.5164534
987,9.2133149,45.5164636,9.2133518,45.5164534
988,9.2119556,45.5162628,9.2120151,45.5163693
989,9.212235,45.5163075,9.2120151,45.5163693
990,9.213683,45.5166161,9.2135104,45.5167424
991,9.2134977,45.5167193,9.2135104,45.5167424
992,9.2134977,45.5167193,9.2135104,45.5167424
993,9.2136281,45.5155122,9.213612,45.5155319
994,9.2130844,45.5159745,9.212782,45.5160602
995,9.2126269,45.5168926,9.2127298,45.5168627
996,9.2127547,45.516907,9.2127298,45.5168627
997,9.2126143,45.5166576,9.2127298,45.5168627
998,9.2126143,45.5166576,9.2127298,45.5168627
999,9.2126269,45.5168926,9.2124765,45.5168927
1000,9.2125005,45.5168795,9.2126269,45.5168926
1001,9.2124765,45.5168927,9.2125005,45.5168795
1002,9.2124765,45.5168927,9.2125005,45.5168795
1003,9.213698,45.516438,9.2137889,45.5165362
1004,9.2083954,45.5146325,9.2091514,45.5144196
1005,9.2091358,45.5143921,9.2091514,45.5144196
1006,9.2095647,45.5158478,9.2092675,45.5146232
1007,9.2091514,45.5144196,9.2092675,45.5146232
1008,9.2099036,45.517445,9.2098964,45.517432
1009,9.210238,45.5144522,9.210684,45.5154228
1010,9.2102294,45.5140272,9.2083097,45.5145571
1011,9.2082948,45.5145314,9.2083097,45.5145571
1012,9.2083273,45.5146505,9.2083954,45.5146325
1013,9.2095154,45.5158618,9.2097558,45.51628
1014,9.2098028,45.5162667,9.2097558,45.51628
1015,9.2097135,45.5163016,9.2097558,45.51628
1016,9.210149,45.5161722,9.2106944,45.517198
1017,9.2083097,45.5145571,9.2083408,45.5146112
1018,9.2090831,45.515972,9.2083273,45.5146505
1019,9.2098964,45.517432,9.209329,45.5164131
1020,9.209313,45.516427,9.209329,45.5164131
1021,9.2095154,45.5158618,9.2095647,45.5158478
1022,9.2095154,45.5158618,9.2095647,45.5158478
1023,9.2098028,45.5162667,9.2095647,45.5158478
1024,9.2095647,45.5158478,9.2098028,45.5162667
1025,9.2106944,45.517198,9.2098028,45.5162667
1026,9.2097558,45.51628,9.2098028,45.5162667
1027,9.2097558,45.51628,9.2095154,45.5158618
1028,9.2083954,45.5146325,9.2095154,45.5158618
1029,9.2094957,45.5158734,9.2095154,45.5158618
1030,9.209329,45.5164131,9.2090831,45.515972
1031,9.2090662,45.5159877,9.2090831,45.515972
1032,9.2097558,45.51628,9.2100077,45.5173878
1033,9.2099676,45.5173971,9.2100077,45.5173878
1034,9.2104633,45.5160973,9.2101837,45.5161727
1035,9.2091769,45.5144114,9.2091846,45.5144107
1036,9.2091846,45.5144107,9.2099278,45.5157318
1037,9.210684,45.5154228,9.2107757,45.5153978
1038,9.2102638,45.5144959,9.210238,45.5144522
1039,9.2127263,45.5151104,9.2127424,45.5151724
1040,9.2127424,45.5151724,9.212772,45.5152254
1041,9.212772,45.5152254,9.2128135,45.5152748
1042,9.2128857,45.5152567,9.2130987,45.5151965
1043,9.2118674,45.5155602,9.2118559,45.5155408
1044,9.2132291,45.5153578,9.2131937,45.5153678
1045,9.2121738,45.5158847,9.2121605,45.515888
1046,9.2128448,45.5155073,9.212906,45.515615
1047,9.2127155,45.5150923,9.2127263,45.5151104
1048,9.2128242,45.5154712,9.212045,45.5156911
1049,9.2118023,45.515427,9.2117661,45.5153819
1050,9.2117764,45.5155631,9.2115711,45.5156207
1051,9.2118371,45.515491,9.2118023,45.515427
1052,9.2116063,45.5158137,9.2116713,45.5157954
1053,9.2118559,45.5155408,9.2118371,45.515491
1054,9.2129127,45.5154467,9.2128242,45.5154712
1055,9.2115417,45.5147239,9.2114844,45.5147401
1056,9.2117186,45.5146851,9.2117808,45.5147951
1057,9.2117465,45.515189,9.2116699,45.5152097
1058,9.2116699,45.5152097,9.2113816,45.5152888
1059,9.2119177,45.5150425,9.2119659,45.5151296
1060,9.2111962,45.5149535,9.2115582,45.5148566
1061,9.2122654,45.5145217,9.2122985,45.5145127
1062,9.2221402,45.5138758,9.2221398,45.5139428
1063,9.2235485,45.5137447,9.2235454,45.5137319
1064,9.2234817,45.5137415,9.2235454,45.5137319
1065,9.2236191,45.5137174,9.2248918,45.5135286
1066,9.2208729,45.5139885,9.219887,45.5141063
1067,9.2139405,45.5156059,9.2138372,45.5155833
1068,9.2139966,45.5155892,9.2139405,45.5156059
1069,9.2139271,45.5160809,9.2139421,45.5159846
1070,9.2119137,45.5156941,9.2118116,45.5155532
1071,9.211477,45.5156472,9.2115398,45.5158323
1072,9.2129188,45.5154086,9.2128562,45.5152651
1073,9.2119586,45.515715,9.2118674,45.5155602
1074,9.2120527,45.5157041,9.21205,45.5156996
1075,9.2119493,45.5157174,9.2119137,45.5156941
1076,9.2118674,45.5155602,9.2119137,45.5156941
1077,9.2119094,45.5157079,9.2119137,45.5156941
1078,9.2129188,45.5154086,9.2128223,45.51529
1079,9.2128135,45.5152748,9.2128223,45.51529
1080,9.21205,45.5156996,9.2128294,45.5154803
1081,9.2117525,45.5153616,9.2117407,45.515338
1082,9.2116621,45.515361,9.2117407,45.515338
1083,9.2129338,45.5154413,9.2129181,45.5154457
1084,9.2119232,45.5157248,9.2119493,45.5157174
1085,9.2128223,45.51529,9.2129127,45.5154467
1086,9.2123217,45.5151772,9.2127035,45.5150704
1087,9.2123217,45.5151772,9.2127035,45.5150704
1088,9.2129181,45.5154457,9.2129188,45.5154086
1089,9.212045,45.5156911,9.2119586,45.515715
1090,9.2125244,45.5154902,9.2125244,45.5154902
1091,9.212906,45.515615,9.2129168,45.51568
1092,9.2121919,45.5158802,9.2121738,45.5158847
1093,9.2122643,45.516047,9.2121738,45.5158847
1094,9.2108293,45.5146806,9.2111083,45.5151728
1095,9.2130763,45.5148887,9.2129412,45.5146608
1096,9.2128506,45.5146852,9.2129412,45.5146608
1097,9.2112203,45.5151411,9.2115713,45.5150419
1098,9.2057152,45.5068913,9.2057035,45.5069423
1099,9.2057862,45.5069437,9.2057035,45.5069423
1100,9.2088664,45.5084046,9.2088056,45.5084444
1101,9.2089793,45.5085536,9.2088056,45.5084444
1102,9.2042574,45.5076075,9.2049509,45.5088285
1103,9.204847,45.5088544,9.2049509,45.5088285
1104,9.2048991,45.5089408,9.204847,45.5088544
1105,9.2047789,45.5088714,9.204847,45.5088544
1106,9.2120728,45.509992,9.2119854,45.5100141
1107,9.2128606,45.5116389,9.2119854,45.5100141
1108,9.210575,45.510304,9.2106604,45.5102839
1109,9.2106022,45.5101845,9.2106604,45.5102839
1110,9.2110051,45.5112621,9.2111045,45.5112353
1111,9.2108405,45.5107709,9.2111045,45.5112353
1112,9.2110484,45.5113384,9.2110051,45.5112621
1113,9.2109546,45.5112757,9.2110051,45.5112621
1114,9.2104772,45.5113041,9.2104772,45.5113041
1115,9.2093452,45.5118228,9.2109581,45.5113648
1116,9.2109388,45.5113303,9.2109581,45.5113648
1117,9.2111461,45.5113085,9.2111917,45.5113891
1118,9.2110927,45.5114161,9.2111917,45.5113891
1119,9.211437,45.5120217,9.2110927,45.5114161
1120,9.212791,45.5169715,9.2127964,45.5169811
1121,9.2110005,45.5114408,9.2110927,45.5114161
1122,9.2092359,45.5114756,9.2092683,45.5114663
1123,9.209218,45.5114451,9.2092359,45.5114756
1124,9.2092839,45.5114929,9.2092995,45.5115195
1125,9.2092995,45.5115195,9.2092673,45.5115288
1126,9.2098834,45.5115447,9.2098834,45.5115447
1127,9.2092896,45.5115667,9.2093648,45.511545
1128,9.2092673,45.5115288,9.2092896,45.5115667
1129,9.2091518,45.511792,9.2091852,45.5117823
1130,9.2089347,45.5113396,9.2091852,45.5117823
1131,9.2091176,45.5118699,9.2090859,45.5118097
1132,9.2090156,45.5118286,9.2090859,45.5118097
1133,9.2093615,45.511855,9.2093452,45.5118228
1134,9.2093158,45.5118298,9.2093452,45.5118228
1135,9.2092176,45.5118426,9.2092644,45.5119266
1136,9.2092329,45.5119352,9.2092644,45.5119266
1137,9.2096531,45.51283,9.209166,45.5119549
1138,9.2091344,45.5119641,9.209166,45.5119549
1139,9.2084556,45.5104933,9.2086916,45.510911
1140,9.208178,45.5105925,9.2084067,45.5109941
1141,9.208947,45.511937,9.2084067,45.5109941
1142,9.2092644,45.5119266,9.2097661,45.5127976
1143,9.209476,45.5128828,9.208947,45.511937
1144,9.2088048,45.5119765,9.208947,45.511937
1145,9.2090508,45.511908,9.208947,45.511937
1146,9.2086916,45.510911,9.208583,45.5109412
1147,9.2090859,45.5118097,9.208583,45.5109412
1148,9.2085217,45.5109596,9.208583,45.5109412
1149,9.2097661,45.5127976,9.2096531,45.51283
1150,9.2098618,45.5132006,9.2096531,45.51283
1151,9.2096585,45.513207,9.209476,45.5128828
1152,9.2095805,45.5128516,9.209476,45.5128828
1153,9.2027902,45.5080241,9.2028468,45.5080053
1154,9.2028792,45.5080547,9.2028468,45.5080053
1155,9.2027902,45.5080241,9.2028205,45.508089
1156,9.202752,45.5081107,9.2028205,45.508089
1157,9.2047435,45.507098,9.2040718,45.507088
1158,9.2048264,45.5071246,9.2047435,45.507098
1159,9.2046946,45.5071357,9.2047435,45.507098
1160,9.2055626,45.5068924,9.2048264,45.5071246
1161,9.2037795,45.5067565,9.2041703,45.5074518
1162,9.2040789,45.5074951,9.2041703,45.5074518
1163,9.2041197,45.5075725,9.2040789,45.5074951
1164,9.2040215,45.5075222,9.2040789,45.5074951
1165,9.2035577,45.5077626,9.2040316,45.5076025
1166,9.2039963,45.5075479,9.2040316,45.5076025
1167,9.2042206,45.5075377,9.2042574,45.5076075
1168,9.2041584,45.5076413,9.2042574,45.5076075
1169,9.2043837,45.5080339,9.2041584,45.5076413
1170,9.2040992,45.5076615,9.2041584,45.5076413
1171,9.2035064,45.5092497,9.2035693,45.5093058
1172,9.2048166,45.5089636,9.2035693,45.5093058
1173,9.2034897,45.5093284,9.2035777,45.5094059
1174,9.2035285,45.5094368,9.2035777,45.5094059
1175,9.2183482,45.5036341,9.2180359,45.5030151
1176,9.2142511,45.5135308,9.214171,45.5134329
1177,9.2108211,45.5178856,9.2108603,45.5179548
1178,9.2119548,45.5161953,9.2118443,45.5162284
1179,9.2118727,45.5162797,9.2118443,45.5162284
1180,9.2104095,45.5182803,9.2109415,45.5181265
1181,9.2108972,45.5180328,9.2109415,45.5181265
1182,9.2123876,45.5177674,9.2123599,45.517719
1183,9.2123377,45.5177248,9.2123599,45.517719
1184,9.2120618,45.517233,9.2106825,45.5176393
1185,9.2135242,45.5167674,9.2135293,45.5167768
1186,9.2135242,45.5167674,9.2135293,45.5167768
1187,9.2109454,45.5146492,9.2112203,45.5151411
1188,9.2111978,45.5151476,9.2112203,45.5151411
1189,9.2120476,45.5172076,9.2120618,45.517233
1190,9.2120836,45.5172269,9.2120618,45.517233
1191,9.2117525,45.5153616,9.2114615,45.5154436
1192,9.211405,45.5154783,9.2114615,45.5154436
1193,9.2102427,45.5179889,9.210332,45.5179649
1194,9.2103804,45.5180533,9.210332,45.5179649
1195,9.2104776,45.513996,9.2104463,45.513939
1196,9.2119069,45.5163999,9.2120509,45.516654
1197,9.212112,45.5166376,9.2120509,45.516654
1198,9.210332,45.5179649,9.2103804,45.5180533
1199,9.2122898,45.5176342,9.2103804,45.5180533
1200,9.2107268,45.5177187,9.2107761,45.5178058
1201,9.2131581,45.5168732,9.2127964,45.5169811
1202,9.2119387,45.5163908,9.2119069,45.5163999
1203,9.2118536,45.5163128,9.2119069,45.5163999
1204,9.2108445,45.5177827,9.210864,45.5177757
1205,9.2101305,45.5177927,9.2101648,45.5178516
1206,9.2106572,45.5177406,9.2101648,45.5178516
1207,9.2103804,45.5180533,9.2102911,45.5180773
1208,9.2102911,45.5180773,9.2102427,45.5179889
1209,9.2101648,45.5178516,9.2102427,45.5179889
1210,9.2212325,45.5070633,9.2228103,45.5070099
1211,9.2227951,45.5069536,9.2228103,45.5070099
1212,9.2143566,45.525751,9.2142566,45.5257799
1213,9.2142174,45.5257118,9.2142566,45.5257799
1214,9.2144848,45.525709,9.2145539,45.5258244
1215,9.2144209,45.5258601,9.2145539,45.5258244
1216,9.2159145,45.5285057,9.2144209,45.5258601
1217,9.2143556,45.5258776,9.2144209,45.5258601
1218,9.2055131,45.5247359,9.2062097,45.525972
1219,9.2061423,45.5259929,9.2062097,45.525972
1220,9.2083309,45.5254544,9.2063452,45.5260189
1221,9.2063224,45.525953,9.2063452,45.5260189
1222,9.2062056,45.5260584,9.2060952,45.5260892
1223,9.2061076,45.5260221,9.2060952,45.5260892
1224,9.2062056,45.5260584,9.2062203,45.5261376
1225,9.2061333,45.5261633,9.2062203,45.5261376
1226,9.2056054,45.5265735,9.2062471,45.5263931
1227,9.2062037,45.5263145,9.2062471,45.5263931
1228,9.2055218,45.5265959,9.2056054,45.5265735
1229,9.2055613,45.5264996,9.2056054,45.5265735
1230,9.2064773,45.5266148,9.2063822,45.5266401
1231,9.2063371,45.5265602,9.2063822,45.5266401
1232,9.2063822,45.5266401,9.2057385,45.5268186
1233,9.2057011,45.5267484,9.2057385,45.5268186
1234,9.2133395,45.5241379,9.2133768,45.5242028
1235,9.2133768,45.5242028,9.2134043,45.5242508
1236,9.2134043,45.5242508,9.2134435,45.5243193
1237,9.2134435,45.5243193,9.2140319,45.5253419
1238,9.2140319,45.5253419,9.2141269,45.5255002
1239,9.2141269,45.5255002,9.2141717,45.5255912
1240,9.2155766,45.5253036,9.2145591,45.5256802
1241,9.2146003,45.5257547,9.2145591,45.5256802
1242,9.2142194,45.5256736,9.2140216,45.5257298
1243,9.2140216,45.5257298,9.2139846,45.5257391
1244,9.2138968,45.5255887,9.2139846,45.5257391
1245,9.2139846,45.5257391,9.2139428,45.5257508
1246,9.2129843,45.526019,9.2139428,45.5257508
1247,9.2036375,45.5168567,9.2037499,45.5170548
1248,9.2036596,45.5170794,9.2037499,45.5170548
1249,9.2046625,45.516877,9.2039031,45.5170909
1250,9.2038748,45.5170432,9.2039031,45.5170909
1251,9.2037872,45.5171206,9.2038225,45.5171829
1252,9.2037348,45.5172064,9.2038225,45.5171829
1253,9.2046598,45.5110879,9.2041408,45.5116029
1254,9.2040008,45.5116436,9.2041408,45.5116029
1255,9.2037399,45.5111219,9.2038536,45.5110913
1256,9.2038861,45.5111505,9.2038536,45.5110913
1257,9.2039113,45.5115873,9.2039523,45.5116576
1258,9.2039523,45.5116576,9.2039795,45.5117045
1259,9.2042099,45.5120183,9.2041726,45.5120381
1260,9.2041396,45.511981,9.2041726,45.5120381
1261,9.2160939,45.5161011,9.2162129,45.5160682
1262,9.2161759,45.5159962,9.2162129,45.5160682
1263,9.2176725,45.5182589,9.2186325,45.5194704
1264,9.2186325,45.5194704,9.2188866,45.5197875
1265,9.2188853,45.5198283,9.2188866,45.5197875
1266,9.2186142,45.5199995,9.2187343,45.5199905
1267,9.2187272,45.5200846,9.2187343,45.5199905
1268,9.2110011,45.5068179,9.2107787,45.5067914
1269,9.2107922,45.5068743,9.2107787,45.5067914
1270,9.2110988,45.5065211,9.2112974,45.5063476
1271,9.2108603,45.5069418,9.2106388,45.5071129
1272,9.2107787,45.5067914,9.2107722,45.5066558
1273,9.2107312,45.5069599,9.2107681,45.5069131
1274,9.2108603,45.5069418,9.2107681,45.5069131
1275,9.2109125,45.506604,9.2110761,45.5067179
1276,9.2111626,45.5065875,9.2110761,45.5067179
1277,9.2107378,45.5066078,9.2107164,45.506627
1278,9.2107386,45.5066385,9.2107164,45.506627
1279,9.2107164,45.506627,9.2104199,45.5066765
1280,9.2103475,45.5065928,9.2104199,45.5066765
1281,9.2106789,45.5069372,9.210577,45.507044
1282,9.2106388,45.5071129,9.2105992,45.5071472
1283,9.2110647,45.5065403,9.2110438,45.5065245
1284,9.2104199,45.5066765,9.2106789,45.5069372
1285,9.2107072,45.5069027,9.2106789,45.5069372
1286,9.2106388,45.5071129,9.2107312,45.5069599
1287,9.2107038,45.506948,9.2107312,45.5069599
1288,9.2105992,45.5071472,9.2103171,45.5074439
1289,9.2107164,45.506627,9.2106897,45.5066534
1290,9.2057499,45.5201861,9.2058939,45.5204529
1291,9.2058909,45.5208986,9.2059923,45.5208187
1292,9.2058939,45.5204529,9.2059923,45.5208187
1293,9.2213214,45.5103492,9.2212802,45.509017
1294,9.2212133,45.5090185,9.2212802,45.509017
1295,9.2213214,45.5104136,9.2213214,45.5103492
1296,9.2212871,45.5103497,9.2213214,45.5103492
1297,9.2201438,45.5120306,9.2211086,45.5122765
1298,9.2211237,45.5122497,9.2211086,45.5122765
1299,9.2214402,45.5123642,9.2223985,45.512558
1300,9.2224078,45.5125248,9.2223985,45.512558
1301,9.2166226,45.5128388,9.2166762,45.5129119
1302,9.2218275,45.5148711,9.2217109,45.5148951
1303,9.2216881,45.514832,9.2217109,45.5148951
1304,9.2120387,45.5263533,9.2121682,45.5263179
1305,9.2121397,45.5262663,9.2121682,45.5263179
1306,9.2117572,45.5264815,9.211868,45.5263998
1307,9.2122092,45.5270057,9.211868,45.5263998
1308,9.2120486,45.5271759,9.2117094,45.526554
1309,9.2052975,45.5096477,9.205255,45.5095739
1310,9.2227126,45.5066106,9.222702,45.5065757
1311,9.2229835,45.5065697,9.2230081,45.5066468
1312,9.2014298,45.5219506,9.2003685,45.5201531
1313,9.201411,45.5219187,9.2003685,45.5201531
1314,9.2003685,45.5201531,9.2003244,45.5201645
1315,9.2003685,45.5201531,9.2003244,45.5201645
1316,9.2045142,45.5230733,9.2044391,45.5229498
1317,9.2045142,45.5230733,9.2044391,45.5229498
1318,9.2059292,45.5211484,9.2045602,45.523055
1319,9.2044794,45.5231196,9.2045142,45.5230733
1320,9.2044794,45.5231196,9.2045142,45.5230733
1321,9.2032218,45.5242154,9.2032053,45.5241472
1322,9.2032824,45.5241705,9.2032053,45.5241472
1323,9.2046198,45.5242828,9.204437,45.5242674
1324,9.2042815,45.525115,9.204437,45.5242674
1325,9.204437,45.5242674,9.2046198,45.5242828
1326,9.204551,45.5246572,9.2046198,45.5242828
1327,9.204551,45.5246572,9.2046198,45.5242828
1328,9.204062,45.526728,9.2038668,45.5263542
1329,9.204062,45.526728,9.2038668,45.5263542
1330,9.2038277,45.5268031,9.204062,45.526728
1331,9.2038277,45.5268031,9.204062,45.526728
1332,9.2035435,45.5268361,9.2035734,45.5267991
1333,9.2073897,45.5280454,9.2060099,45.5281847
1334,9.2061004,45.5278947,9.2060099,45.5281847
1335,9.2021405,45.5256215,9.2032218,45.5242154
1336,9.2035719,45.524258,9.2030236,45.5292073
1337,9.1988837,45.5314038,9.1988222,45.5316596
1338,9.1988837,45.5314038,9.1988222,45.5316596
1339,9.1988222,45.5316596,9.1988333,45.531749
1340,9.1988222,45.5316596,9.1988333,45.531749
1341,9.1988333,45.531749,9.1987625,45.532407
1342,9.1988333,45.531749,9.1987625,45.532407
1343,9.198817,45.5325485,9.1988375,45.5325732
1344,9.198817,45.5325485,9.1988375,45.5325732
1345,9.1989321,45.532597,9.1994411,45.5326333
1346,9.1989321,45.532597,9.1994411,45.5326333
1347,9.2064773,45.5266148,9.2065437,45.526732
1348,9.2042697,45.5210759,9.2055854,45.5206941
1349,9.2055854,45.5206941,9.2056507,45.5206949
1350,9.2051804,45.519832,9.2056507,45.5206949
1351,9.2056245,45.5208641,9.2056983,45.5207542
1352,9.2056507,45.5206949,9.2056983,45.5207542
1353,9.2058243,45.5207906,9.2057773,45.5208619
1354,9.2057575,45.5208281,9.2057773,45.5208619
1355,9.2050639,45.5215841,9.2042697,45.5210759
1356,9.2042458,45.5210687,9.2042697,45.5210759
1357,9.2058554,45.5209953,9.2059214,45.5211078
1358,9.206236,45.5216441,9.2059214,45.5211078
1359,9.2035908,45.521342,9.2036243,45.5214016
1360,9.2035563,45.5214218,9.2036243,45.5214016
1361,9.2027144,45.5215898,9.2027493,45.5216406
1362,9.2016223,45.5222884,9.2014588,45.5220037
1363,9.2016223,45.5222884,9.2014588,45.5220037
1364,9.2045553,45.522409,9.2046872,45.5222185
1365,9.2055284,45.5212136,9.2048157,45.5222634
1366,9.2046872,45.5222185,9.2048157,45.5222634
1367,9.2037896,45.5227703,9.2040764,45.5223586
1368,9.2045553,45.522409,9.2046896,45.5224491
1369,9.2048157,45.5222634,9.2046896,45.5224491
1370,9.2040764,45.5223586,9.2039,45.5231794
1371,9.2022225,45.5233458,9.2021931,45.523294
1372,9.2022225,45.5233458,9.2021931,45.523294
1373,9.2022245,45.5232851,9.2021931,45.523294
1374,9.202723,45.5242951,9.2021607,45.523306
1375,9.2021931,45.523294,9.2021607,45.523306
1376,9.1983955,45.5258156,9.2021405,45.5256215
1377,9.2032824,45.5241705,9.2021405,45.5256215
1378,9.2050384,45.5203718,9.2050384,45.5203718
1379,9.2037021,45.521374,9.2050639,45.5215841
1380,9.2042697,45.5210759,9.2050639,45.5215841
1381,9.2056507,45.5206949,9.2050639,45.5215841
1382,9.2045553,45.522409,9.2043117,45.5223751
1383,9.2043117,45.5223751,9.2040566,45.5226814
1384,9.2040918,45.5222439,9.2037101,45.5227451
1385,9.2037896,45.5227703,9.2037101,45.5227451
1386,9.2038441,45.5230422,9.2037896,45.5227703
1387,9.2040566,45.5226814,9.2037896,45.5227703
1388,9.2036047,45.5228973,9.2038811,45.5230078
1389,9.2040566,45.5226814,9.2038811,45.5230078
1390,9.2037776,45.5231365,9.2038441,45.5230422
1391,9.2033509,45.5241575,9.2040651,45.5231206
1392,9.2038811,45.5230078,9.2040651,45.5231206
1393,9.2039,45.5231794,9.2037776,45.5231365
1394,9.2025162,45.5253693,9.2033509,45.5241575
1395,9.203303,45.5241439,9.2033509,45.5241575
1396,9.202723,45.5242951,9.2027753,45.524231
1397,9.2023397,45.5234577,9.2027753,45.524231
1398,9.1987665,45.5324875,9.198817,45.5325485
1399,9.1987665,45.5324875,9.198817,45.5325485
1400,9.2237,45.5228411,9.2237133,45.5227901
1401,9.2236161,45.5227776,9.2237133,45.5227901
1402,9.2230939,45.52304,9.2230227,45.5229767
1403,9.2235288,45.5229649,9.2227702,45.522983
1404,9.2245066,45.5231406,9.2232659,45.523025
1405,9.2232057,45.522963,9.2232659,45.523025
1406,9.2240433,45.5242886,9.2236369,45.5237389
1407,9.2238266,45.5236107,9.2236369,45.5237389
1408,9.2097481,45.5136653,9.2099205,45.5135559
1409,9.2097892,45.5139282,9.2099687,45.5138969
1410,9.2081262,45.514015,9.2081162,45.5140385
1411,9.2079954,45.5140784,9.2081162,45.5140385
1412,9.2079655,45.5144496,9.2079741,45.5144476
1413,9.2079789,45.5144566,9.2079741,45.5144476
1414,9.2078652,45.514587,9.2080252,45.5145435
1415,9.2081391,45.5145747,9.2080252,45.5145435
1416,9.2080541,45.5145977,9.2080252,45.5145435
1417,9.2081801,45.5146432,9.2082237,45.5146385
1418,9.2081928,45.5145894,9.2082237,45.5146385
1419,9.2086927,45.5157333,9.2080913,45.5146674
1420,9.208018,45.5146873,9.2080913,45.5146674
1421,9.210577,45.507044,9.2105679,45.5070976
1422,9.2106932,45.5069596,9.2105679,45.5070976
1423,9.2090761,45.5085113,9.209133,45.5084597
1424,9.2103171,45.5074439,9.2092619,45.5084932
1425,9.2091719,45.5084467,9.2092619,45.5084932
1426,9.2091898,45.5085735,9.2093232,45.5086501
1427,9.209254,45.5087157,9.2093232,45.5086501
1428,9.2078497,45.5100422,9.2089835,45.5086804
1429,9.2097502,45.5090163,9.209254,45.5087157
1430,9.2092222,45.5087459,9.209254,45.5087157
1431,9.2060743,45.5106984,9.2061015,45.5106955
1432,9.2060226,45.5106014,9.2061015,45.5106955
1433,9.2061817,45.5108206,9.2064564,45.5107584
1434,9.2064403,45.5107555,9.2064564,45.5107584
1435,9.2030082,45.51546,9.2029439,45.5154398
1436,9.2031388,45.5157146,9.2030082,45.51546
1437,9.2041438,45.5155582,9.2038034,45.5156587
1438,9.2038034,45.5156587,9.2036373,45.5156773
1439,9.2031949,45.5157486,9.2031388,45.5157146
1440,9.2034794,45.5108316,9.2036025,45.5110506
1441,9.2035461,45.5110662,9.2036025,45.5110506
1442,9.2032374,45.5111517,9.2034186,45.5111015
1443,9.2026781,45.5098012,9.2034186,45.5111015
1444,9.2036552,45.5111444,9.2037399,45.5111219
1445,9.2037026,45.5110571,9.2037399,45.5111219
1446,9.2032877,45.5112391,9.2032374,45.5111517
1447,9.2030414,45.511206,9.2032374,45.5111517
1448,9.2030889,45.5112904,9.2030414,45.511206
1449,9.2029815,45.5112226,9.2030414,45.511206
1450,9.2036552,45.5111444,9.2037092,45.5112378
1451,9.2036512,45.5112537,9.2037092,45.5112378
1452,9.2034672,45.5111929,9.2035247,45.5112883
1453,9.2033435,45.511338,9.2035247,45.5112883
1454,9.2021892,45.5115471,9.2030095,45.5113135
1455,9.2029808,45.5112628,9.2030095,45.5113135
1456,9.2033914,45.5114221,9.2033435,45.511338
1457,9.2032038,45.5113762,9.2033435,45.511338
1458,9.2037459,45.5124627,9.2031458,45.5113921
1459,9.2030983,45.5114051,9.2031458,45.5113921
1460,9.2015294,45.5131494,9.2028626,45.5154913
1461,9.2032417,45.5158977,9.2037853,45.5157481
1462,9.2032066,45.5158007,9.2037853,45.5157481
1463,9.2028626,45.5154913,9.2032066,45.5158007
1464,9.2032226,45.5157757,9.2032066,45.5158007
1465,9.2031133,45.5159331,9.2032417,45.5158977
1466,9.2031949,45.515819,9.2032417,45.5158977
1467,9.200254,45.5167331,9.2029668,45.5159741
1468,9.2029404,45.5159318,9.2029668,45.5159741
1469,9.2031133,45.5159331,9.203175,45.5160418
1470,9.2030623,45.5160762,9.203175,45.5160418
1471,9.2040771,45.5176321,9.204315,45.5180517
1472,9.2042271,45.5180788,9.204315,45.5180517
1473,9.2043389,45.5180939,9.2044466,45.5180627
1474,9.2044277,45.5180308,9.2044466,45.5180627
1475,9.2043389,45.5180939,9.2043773,45.5181616
1476,9.2042878,45.5181873,9.2043773,45.5181616
1477,9.2032834,45.5266195,9.2034192,45.5262919
1478,9.2035887,45.5263564,9.2034192,45.5262919
1479,9.2035887,45.5263564,9.2037401,45.5263131
1480,9.2037401,45.5263131,9.2038273,45.5263159
1481,9.2035354,45.526721,9.2035887,45.5263564
1482,9.2035913,45.5263574,9.2035887,45.5263564
1483,9.2038273,45.5263159,9.204031,45.5263806
1484,9.204031,45.5263806,9.2041697,45.5265492
1485,9.2030066,45.52888,9.203414,45.5268913
1486,9.2013642,45.5281498,9.203414,45.5268913
1487,9.2219856,45.5213298,9.2220809,45.5213116
1488,9.2220576,45.5212727,9.2220809,45.5213116
1489,9.1967077,45.5211508,9.1965792,45.5215266
1490,9.1967077,45.5211508,9.1965792,45.5215266
1491,9.1965792,45.5215266,9.1979333,45.5222393
1492,9.1965792,45.5215266,9.1979333,45.5222393
1493,9.2031759,45.5116991,9.2031759,45.5116991
1494,9.2154069,45.516226,9.2154069,45.516226
1495,9.2139421,45.5159846,9.2140781,45.5155975
1496,9.209166,45.5198782,9.2090846,45.5198802
1497,9.2090846,45.5198802,9.2087759,45.5193779
1498,9.2103178,45.5195207,9.2102686,45.519547
1499,9.2116052,45.5181451,9.2116895,45.5181238
1500,9.2099804,45.5190037,9.2100346,45.519
1501,9.2116895,45.5181238,9.2119561,45.5185974
1502,9.2129021,45.5164195,9.2129229,45.5164554
1503,9.2128448,45.5169215,9.2131398,45.5168372
1504,9.2130998,45.516766,9.2131398,45.5168372
1505,9.212813,45.5140485,9.2140961,45.513683
1506,9.2140747,45.5136454,9.2140961,45.513683
1507,9.2068719,45.5133312,9.2074305,45.5135393
1508,9.2077441,45.5142484,9.2074305,45.5135393
1509,9.2035231,45.528133,9.2035231,45.528133
1510,9.2132065,45.510478,9.2130144,45.5102289
1511,9.2133888,45.5107224,9.2132065,45.510478
1512,9.213681,45.5111103,9.2135221,45.5109011
1513,9.213758,45.5112172,9.213681,45.5111103
1514,9.2102127,45.5092163,9.2104297,45.509288
1515,9.2103771,45.5093465,9.2104297,45.509288
1516,9.214754,45.5220711,9.2146295,45.5220304
1517,9.2119854,45.5100141,9.2103771,45.5093465
1518,9.2103416,45.5093861,9.2103771,45.5093465
1519,9.2098157,45.5095657,9.2099226,45.5095376
1520,9.2099054,45.5095085,9.2099226,45.5095376
1521,9.2101391,45.5098295,9.2102844,45.5097881
1522,9.210122,45.5094838,9.2102844,45.5097881
1523,9.2102243,45.5098903,9.2101368,45.5099143
1524,9.2101056,45.5098604,9.2101368,45.5099143
1525,9.2103243,45.509863,9.2103646,45.5099339
1526,9.2104248,45.5099186,9.2103646,45.5099339
1527,9.2104716,45.5103249,9.2102638,45.5099596
1528,9.2103646,45.5099339,9.2102638,45.5099596
1529,9.2188382,45.5199378,9.2189697,45.5199552
1530,9.2189238,45.5198185,9.2189697,45.5199552
1531,9.2187472,45.5202289,9.21877,45.5201301
1532,9.2188783,45.5201582,9.21877,45.5201301
1533,9.21877,45.5201301,9.2187272,45.5200846
1534,9.2190342,45.5200253,9.2189835,45.5201299
1535,9.2191832,45.5201943,9.2189835,45.5201299
1536,9.2189835,45.5201299,9.2188783,45.5201582
1537,9.216544,45.5211029,9.2166739,45.5213357
1538,9.2149207,45.522358,9.2149317,45.52233
1539,9.2149302,45.5226502,9.2149692,45.5226378
1540,9.2150249,45.5225446,9.2149207,45.522358
1541,9.2146295,45.5220304,9.2145915,45.5220401
1542,9.2149195,45.5223056,9.2149082,45.5222848
1543,9.2147129,45.5224512,9.2147945,45.522605
1544,9.2147945,45.522605,9.2149302,45.5226502
1545,9.2149082,45.5222848,9.2148582,45.5222639
1546,9.2149692,45.5226378,9.2150249,45.5225446
1547,9.2148582,45.5222639,9.214754,45.5220711
1548,9.2145915,45.5220401,9.2145371,45.5221357
1549,9.2183694,45.5202032,9.2186591,45.5202039
1550,9.2187114,45.5202124,9.2186591,45.5202039
1551,9.2182687,45.5200931,9.2186142,45.5199995
1552,9.2186308,45.5199162,9.2186142,45.5199995
1553,9.2186142,45.5199995,9.2186011,45.5200656
1554,9.2187272,45.5200846,9.2186011,45.5200656
1555,9.2186011,45.5200656,9.218589,45.5201262
1556,9.2213737,45.5224246,9.2192321,45.5202201
1557,9.2192072,45.520178,9.2192321,45.5202201
1558,9.2186011,45.5200656,9.2182687,45.5200931
1559,9.2218269,45.5228982,9.2212674,45.522477
1560,9.2212413,45.5224899,9.2212674,45.522477
1561,9.218796,45.5202514,9.2188281,45.5202662
1562,9.2191109,45.5202436,9.2188281,45.5202662
1563,9.2187472,45.5202289,9.218796,45.5202514
1564,9.2188783,45.5201582,9.218796,45.5202514
1565,9.2187114,45.5202124,9.2187472,45.5202289
1566,9.2187153,45.5202498,9.2187472,45.5202289
1567,9.2187479,45.5202668,9.218645,45.5202969
1568,9.2169024,45.5207855,9.2179972,45.5204797
1569,9.2183793,45.5203719,9.2179972,45.5204797
1570,9.216376,45.5206243,9.2164319,45.5207374
1571,9.2146815,45.5213098,9.2164319,45.5207374
1572,9.2172791,45.5203716,9.216376,45.5206243
1573,9.2169504,45.5211146,9.2167887,45.5209992
1574,9.2188093,45.5240826,9.2158579,45.5252016
1575,9.2161138,45.5247951,9.2158579,45.5252016
1576,9.2188929,45.5240513,9.2188093,45.5240826
1577,9.2149596,45.5232345,9.2149226,45.5232451
1578,9.2169825,45.5214839,9.2169923,45.5214718
1579,9.2203579,45.5232592,9.2187208,45.5238141
1580,9.2182237,45.5231726,9.2187208,45.5238141
1581,9.2204956,45.5234488,9.2188929,45.5240513
1582,9.2187208,45.5238141,9.2188929,45.5240513
1583,9.2176377,45.5225357,9.2175672,45.5224444
1584,9.2187208,45.5238141,9.2186288,45.5238483
1585,9.2188093,45.5240826,9.2186288,45.5238483
1586,9.2175672,45.5224444,9.2172002,45.5219052
1587,9.2152403,45.5222135,9.2152134,45.522221
1588,9.2156453,45.5229961,9.2152134,45.522221
1589,9.2117358,45.5267621,9.2117033,45.5267001
1590,9.2116868,45.526672,9.2117033,45.5267001
1591,9.2124653,45.5268683,9.2124295,45.5268096
1592,9.212451,45.5267766,9.2124295,45.5268096
1593,9.2122383,45.5264412,9.2122827,45.5265466
1594,9.211879,45.5270147,9.2118492,45.5269577
1595,9.2118289,45.5269205,9.2118492,45.5269577
1596,9.2096342,45.5214733,9.2096521,45.5215076
1597,9.2090786,45.5220647,9.2090393,45.5220512
1598,9.207854,45.5185601,9.2099715,45.5222846
1599,9.2100221,45.5222687,9.2099715,45.5222846
1600,9.2096698,45.5218012,9.2097035,45.5218614
1601,9.2091303,45.5219144,9.209166,45.5219755
1602,9.2049129,45.5147052,9.2048765,45.5146428
1603,9.2055885,45.5143033,9.2055466,45.5144488
1604,9.2053575,45.5141531,9.2055466,45.5144488
1605,9.2055987,45.5146265,9.2055874,45.5145906
1606,9.2046931,45.5142537,9.2046669,45.5142879
1607,9.2050229,45.5146554,9.204991,45.5146108
1608,9.2055466,45.5144488,9.205855,45.5150205
1609,9.2059089,45.5150055,9.205855,45.5150205
1610,9.2055588,45.5142692,9.2056077,45.5142552
1611,9.2147316,45.5213417,9.2147316,45.5213417
1612,9.2165207,45.5208381,9.2165207,45.5208381
1613,9.2129751,45.5219693,9.2129053,45.5221084
1614,9.212841,45.5224299,9.212841,45.5224955
1615,9.212841,45.5224955,9.21286,45.5226216
1616,9.2130663,45.5218453,9.2129751,45.5219693
1617,9.2129053,45.5221084,9.2128624,45.5222475
1618,9.212841,45.522394,9.212841,45.5224299
1619,9.2133881,45.5235592,9.2130663,45.5218453
1620,9.21286,45.5226216,9.2133881,45.5235592
1621,9.2128624,45.5222475,9.212841,45.522394
1622,9.2143975,45.5139571,9.2144285,45.5137521
1623,9.2143896,45.5137204,9.2144285,45.5137521
1624,9.2151882,45.514701,9.2154436,45.5150713
1625,9.214614,45.5143298,9.214297,45.5144177
1626,9.214614,45.5143298,9.214297,45.5144177
1627,9.2140533,45.5155944,9.214297,45.5144177
1628,9.2144285,45.5137521,9.2148362,45.5142652
1629,9.2140781,45.5155975,9.2140533,45.5155944
1630,9.2139923,45.5156379,9.2140533,45.5155944
1631,9.214297,45.5144177,9.2143975,45.5139571
1632,9.214297,45.5144177,9.2143975,45.5139571
1633,9.2143975,45.5139571,9.214614,45.5143298
1634,9.2147486,45.5142984,9.214614,45.5143298
1635,9.2188866,45.5197875,9.2189238,45.5198185
1636,9.2189737,45.5198056,9.2189238,45.5198185
1637,9.2188382,45.5199378,9.2188853,45.5198283
1638,9.2189238,45.5198185,9.2188853,45.5198283
1639,9.216544,45.5211029,9.2164521,45.5211249
1640,9.2164851,45.5210023,9.216544,45.5211029
1641,9.2153459,45.5322894,9.2153459,45.5322894
1642,9.2039557,45.5185027,9.2043654,45.5185045
1643,9.2064057,45.520124,9.2060796,45.5198826
1644,9.206172,45.5204583,9.2062949,45.5202825
1645,9.2064057,45.520124,9.2062949,45.5202825
1646,9.2060796,45.5198826,9.2062949,45.5202825
1647,9.2068514,45.5194041,9.2064057,45.520124
1648,9.2060796,45.5198826,9.206172,45.5204583
1649,9.2067557,45.5192372,9.2068514,45.5194041
1650,9.2059043,45.5177311,9.2064781,45.5187519
1651,9.2064209,45.5187671,9.2064781,45.5187519
1652,9.2083266,45.5145393,9.2083266,45.5145393
1653,9.2065868,45.5143219,9.2055885,45.5143033
1654,9.2055715,45.5142886,9.2055885,45.5143033
1655,9.2071773,45.5142893,9.2071706,45.5143391
1656,9.2099042,45.5222533,9.2095397,45.5218292
1657,9.2094331,45.5224218,9.2095218,45.5223965
1658,9.2096898,45.5223424,9.2096898,45.5223424
1659,9.2098018,45.5225332,9.2098018,45.5225332
1660,9.2118349,45.5264663,9.2118349,45.5264663
1661,9.2096194,45.5225858,9.2096194,45.5225858
1662,9.2099386,45.5224975,9.2099386,45.5224975
1663,9.2103618,45.5233919,9.2120081,45.5262984
1664,9.2121515,45.5263498,9.2121515,45.5263498
1665,9.2140961,45.513683,9.2141256,45.5137348
1666,9.2110957,45.5146936,9.2111667,45.5148182
1667,9.2141808,45.5137197,9.2141256,45.5137348
1668,9.2140394,45.514643,9.2141256,45.5137348
1669,9.2042309,45.5074184,9.2042309,45.5074184
1670,9.2144285,45.5137521,9.2144856,45.5137301
1671,9.2160552,45.5160297,9.2144856,45.5137301
1672,9.2145146,45.513599,9.2145853,45.5136918
1673,9.2144856,45.5137301,9.2145853,45.5136918
1674,9.2140533,45.5155944,9.2139966,45.5155892
1675,9.2144856,45.5137301,9.2144578,45.5136916
1676,9.2143896,45.5137204,9.2144578,45.5136916
1677,9.2146085,45.513558,9.2145676,45.5135696
1678,9.2146358,45.5136724,9.2145676,45.5135696
1679,9.2145853,45.5136918,9.2146358,45.5136724
1680,9.2083064,45.5123665,9.2083064,45.5123665
1681,9.2086363,45.5128627,9.2086363,45.5128627
1682,9.2080945,45.5117537,9.2080945,45.5117537
1683,9.2040136,45.5084156,9.2038775,45.5081743
1684,9.2038447,45.5084598,9.2038775,45.5081743
1685,9.204847,45.5088544,9.2043837,45.5080339
1686,9.2043187,45.5080511,9.2043837,45.5080339
1687,9.2053595,45.509546,9.205433,45.5095261
1688,9.2114087,45.5146125,9.2110957,45.5146936
1689,9.2054094,45.509485,9.205433,45.5095261
1690,9.205751,45.5104632,9.2052975,45.5096477
1691,9.2054006,45.5096181,9.2052975,45.5096477
1692,9.2053595,45.509546,9.2054006,45.5096181
1693,9.2054451,45.5096053,9.2054006,45.5096181
1694,9.205751,45.5104632,9.205858,45.5104304
1695,9.2057294,45.5102015,9.205858,45.5104304
1696,9.2057955,45.5105388,9.205751,45.5104632
1697,9.2056982,45.5104794,9.205751,45.5104632
1698,9.2035777,45.5094059,9.2046555,45.5107713
1699,9.204719,45.5107533,9.2046555,45.5107713
1700,9.2040961,45.5110205,9.2046142,45.5108702
1701,9.2045801,45.5108118,9.2046142,45.5108702
1702,9.2146197,45.5223368,9.2143749,45.5223613
1703,9.2060424,45.5135389,9.2062072,45.5134966
1704,9.2056096,45.5124648,9.2062072,45.5134966
1705,9.207848,45.5142016,9.2074869,45.5135347
1706,9.2074305,45.5135393,9.2074869,45.5135347
1707,9.2121251,45.5193243,9.211944,45.5193772
1708,9.2121864,45.5194293,9.2121251,45.5193243
1709,9.2123085,45.5193951,9.2121864,45.5194293
1710,9.2114844,45.5147401,9.2114087,45.5146125
1711,9.2112881,45.5149073,9.2112881,45.5149073
1712,9.2116308,45.5149892,9.2111962,45.5149535
1713,9.2124768,45.5145721,9.2124768,45.5145721
1714,9.2122265,45.5143846,9.2125347,45.5142975
1715,9.2122985,45.5145127,9.2122265,45.5143846
1716,9.2115582,45.5148566,9.2116308,45.5149892
1717,9.2125347,45.5142975,9.2126017,45.5144197
1718,9.2127224,45.5145287,9.2127224,45.5145287
1719,9.209446,45.5225323,9.2093543,45.5225592
1720,9.2093268,45.5225129,9.2093543,45.5225592
1721,9.2093584,45.5236614,9.2099242,45.5235107
1722,9.2098944,45.5234573,9.2099242,45.5235107
1723,9.2101181,45.5248558,9.2100574,45.5248735
1724,9.2094062,45.5237446,9.2100574,45.5248735
1725,9.2059662,45.5163798,9.2056962,45.5159172
1726,9.2092222,45.5087459,9.2092027,45.5087633
1727,9.2091568,45.5087473,9.2092027,45.5087633
1728,9.2090507,45.5087316,9.2091306,45.5087753
1729,9.2091796,45.508784,9.2091306,45.5087753
1730,9.2103794,45.5097613,9.2104612,45.509909
1731,9.208769,45.5227181,9.2088493,45.5227615
1732,9.2088047,45.5227747,9.2088493,45.5227615
1733,9.2107761,45.5178058,9.2108211,45.5178856
1734,9.2108211,45.5178856,9.2108911,45.5178647
1735,9.2108211,45.5178856,9.2107468,45.5179004
1736,9.2104274,45.5183582,9.2104691,45.5183465
1737,9.2104095,45.5182803,9.2103765,45.5182221
1738,9.2102911,45.5180773,9.2103765,45.5182221
1739,9.2101648,45.5178516,9.2103765,45.5182221
1740,9.2142402,45.5173712,9.2150722,45.5188103
1741,9.2135118,45.5176264,9.2142402,45.5173712
1742,9.2120717,45.5149451,9.2121877,45.5150591
1743,9.2121417,45.5150721,9.2121877,45.5150591
1744,9.2120457,45.5151002,9.2120965,45.5150855
1745,9.2120457,45.5151002,9.2120965,45.5150855
1746,9.2120717,45.5149451,9.2121417,45.5150721
1747,9.2120965,45.5150855,9.2121417,45.5150721
1748,9.2120965,45.5150855,9.2120717,45.5149451
1749,9.2120402,45.5148862,9.2120717,45.5149451
1750,9.2127727,45.5150508,9.2129904,45.5150122
1751,9.213041,45.5149975,9.2129904,45.5150122
1752,9.2121605,45.515888,9.2120632,45.5157216
1753,9.211919,45.515726,9.2119232,45.5157248
1754,9.2112678,45.5133204,9.2111836,45.5131723
1755,9.2128363,45.5154924,9.2128448,45.5155073
1756,9.2128448,45.5155073,9.2129338,45.5154413
1757,9.2129786,45.5154286,9.2129338,45.5154413
1758,9.2015239,45.5113758,9.2026696,45.5110594
1759,9.2037158,45.5107736,9.2034794,45.5108316
1760,9.2028631,45.5097478,9.2034794,45.5108316
1761,9.2097036,45.5145422,9.2099527,45.514475
1762,9.2099755,45.514779,9.2098589,45.514574
1763,9.2099755,45.514779,9.210104,45.5147433
1764,9.2099527,45.514475,9.210104,45.5147433
1765,9.2101617,45.5151064,9.2099755,45.514779
1766,9.2098566,45.5148121,9.2099755,45.514779
1767,9.2100416,45.5151386,9.2098566,45.5148121
1768,9.210104,45.5147433,9.2102895,45.5150721
1769,9.2099502,45.5235897,9.210278,45.5241613
1770,9.2102242,45.5152161,9.2101617,45.5151064
1771,9.2102895,45.5150721,9.2101617,45.5151064
1772,9.2104395,45.5153381,9.2100416,45.5151386
1773,9.2101617,45.5151064,9.2100416,45.5151386
1774,9.2102242,45.5152161,9.2102242,45.5152161
1775,9.2102895,45.5150721,9.2104395,45.5153381
1776,9.2099527,45.514475,9.2104395,45.5153381
1777,9.2106962,45.5156111,9.2106804,45.5155838
1778,9.2112797,45.5158453,9.2112595,45.5158109
1779,9.2112758,45.5158056,9.2112595,45.5158109
1780,9.2088493,45.5227615,9.2093358,45.5236105
1781,9.2092788,45.5236264,9.2093358,45.5236105
1782,9.2201665,45.5119884,9.2201411,45.5119786
1783,9.2213214,45.5104136,9.2208188,45.5104065
1784,9.2208103,45.5104297,9.2208188,45.5104065
1785,9.2233934,45.520044,9.2233704,45.5199654
1786,9.2233025,45.5199763,9.2233704,45.5199654
1787,9.2236791,45.5209365,9.2234239,45.5201429
1788,9.223368,45.52015,9.2234239,45.5201429
1789,9.2253579,45.5197512,9.2235067,45.5200271
1790,9.2234918,45.5199774,9.2235067,45.5200271
1791,9.2233934,45.520044,9.22328,45.5200609
1792,9.2232634,45.5200083,9.22328,45.5200609
1793,9.2165114,45.5127074,9.216569,45.5127712
1794,9.2162889,45.5125005,9.2164459,45.5126436
1795,9.2237055,45.5142665,9.223734,45.5143554
1796,9.2236641,45.5143589,9.223734,45.5143554
1797,9.2209257,45.5141106,9.2209751,45.5141023
1798,9.2209694,45.5140793,9.2209751,45.5141023
1799,9.2237055,45.5142665,9.2236795,45.5141799
1800,9.2236055,45.5141904,9.2236795,45.5141799
1801,9.2236795,45.5141799,9.2235596,45.5137814
1802,9.2234987,45.5137908,9.2235596,45.5137814
1803,9.2237055,45.5142665,9.2236014,45.5142805
1804,9.2235893,45.5142365,9.2236014,45.5142805
1805,9.2197282,45.5142833,9.2179821,45.5145352
1806,9.2179668,45.5144911,9.2179821,45.5145352
1807,9.2132122,45.5122736,9.2128606,45.5116389
1808,9.2127791,45.5116613,9.2127185,45.511678
1809,9.2127185,45.511678,9.2125788,45.5117164
1810,9.2127185,45.511678,9.2125788,45.5117164
1811,9.2111917,45.5113891,9.2115339,45.511993
1812,9.211437,45.5120217,9.2115339,45.511993
1813,9.2116308,45.5119682,9.2115339,45.511993
1814,9.2117986,45.5126573,9.211437,45.5120217
1815,9.2129622,45.5116096,9.2133203,45.5122565
1816,9.2132122,45.5122736,9.2133203,45.5122565
1817,9.2132412,45.512321,9.2132122,45.5122736
1818,9.2131406,45.5122849,9.2132122,45.5122736
1819,9.2132412,45.512321,9.2131513,45.5123493
1820,9.2131252,45.5123039,9.2131513,45.5123493
1821,9.2128877,45.5137773,9.2132456,45.5136795
1822,9.2178224,45.5227746,9.2178966,45.5227512
1823,9.2177083,45.5225121,9.2178966,45.5227512
1824,9.2181402,45.5232076,9.2178224,45.5227746
1825,9.2229582,45.5227652,9.2230703,45.5227856
1826,9.2230443,45.5227515,9.2230703,45.5227856
1827,9.2223135,45.523103,9.2227671,45.5229094
1828,9.2227671,45.5229094,9.2235481,45.5229016
1829,9.2235481,45.5229016,9.2241971,45.5229856
1830,9.2221281,45.5231152,9.2223135,45.523103
1831,9.2181402,45.5232076,9.2182237,45.5231726
1832,9.2178966,45.5227512,9.2182237,45.5231726
1833,9.2204956,45.5234488,9.2203579,45.5232592
1834,9.2186288,45.5238483,9.2181402,45.5232076
1835,9.2169489,45.5244874,9.217368,45.5244526
1836,9.2186288,45.5238483,9.2169489,45.5244874
1837,9.2200206,45.5120009,9.2201438,45.5120306
1838,9.2201665,45.5119884,9.2201438,45.5120306
1839,9.2183295,45.5205762,9.2169504,45.5211146
1840,9.2139469,45.5217258,9.2139783,45.5215975
1841,9.2143505,45.5134875,9.2145146,45.513599
1842,9.2121051,45.5171405,9.2116666,45.5163667
1843,9.2116046,45.5163841,9.2116666,45.5163667
1844,9.2119696,45.5166769,9.2122107,45.5171115
1845,9.2123027,45.5170858,9.2122107,45.5171115
1846,9.2120442,45.5171575,9.2121051,45.5171405
1847,9.212115,45.5171551,9.2121051,45.5171405
1848,9.2082576,45.5137066,9.2083898,45.5137596
1849,9.2097481,45.5136653,9.2097892,45.5139282
1850,9.2087427,45.5138523,9.2097892,45.5139282
1851,9.2036811,45.5067847,9.2024709,45.5054423
1852,9.208588,45.5082566,9.2085662,45.5083207
1853,9.2085251,45.5082642,9.2085662,45.5083207
1854,9.2097826,45.5100111,9.2088939,45.5102541
1855,9.2088662,45.5102073,9.2088939,45.5102541
1856,9.2080941,45.5092214,9.2075143,45.5103697
1857,9.2088939,45.5102541,9.2085141,45.5103587
1858,9.2085275,45.5103851,9.2085141,45.5103587
1859,9.2083956,45.5103904,9.2084448,45.5104773
1860,9.2083364,45.5105033,9.2084448,45.5104773
1861,9.2061755,45.5109955,9.206228,45.5110906
1862,9.2063255,45.5110643,9.206228,45.5110906
1863,9.2064714,45.511729,9.2061221,45.5111191
1864,9.206228,45.5110906,9.2061221,45.5111191
1865,9.2065697,45.5117055,9.2066766,45.5118913
1866,9.2065801,45.5119192,9.2066766,45.5118913
1867,9.2065801,45.5119192,9.2064714,45.511729
1868,9.2072599,45.5131155,9.2071804,45.5129725
1869,9.2071164,45.5129894,9.2071804,45.5129725
1870,9.2102554,45.5138997,9.21023,45.5138543
1871,9.2102009,45.5138556,9.21023,45.5138543
1872,9.2102601,45.5140187,9.2102294,45.5140272
1873,9.2102101,45.5139958,9.2102294,45.5140272
1874,9.2035247,45.5112883,9.2041392,45.5123695
1875,9.204183,45.5128422,9.2039512,45.5124278
1876,9.2039901,45.5128974,9.2037459,45.5124627
1877,9.2052779,45.5151815,9.2047225,45.5142049
1878,9.2054723,45.5151273,9.2049573,45.5142122
1879,9.2043446,45.512738,9.2051745,45.5142273
1880,9.2081171,45.5098065,9.208159,45.5099652
1881,9.2081427,45.5099768,9.2083359,45.5102955
1882,9.2082804,45.5103114,9.2083359,45.5102955
1883,9.2037261,45.5177954,9.2039482,45.518192
1884,9.2041924,45.5182796,9.2039482,45.518192
1885,9.2038775,45.5183671,9.2041924,45.5182796
1886,9.204262,45.5184172,9.2041924,45.5182796
1887,9.2043956,45.5183799,9.204262,45.5184172
1888,9.2067913,45.5166762,9.2071513,45.5173159
1889,9.2064754,45.5165128,9.2069663,45.5173643
1890,9.2073594,45.5184796,9.2067545,45.5174242
1891,9.2046872,45.5222185,9.2056245,45.5208641
1892,9.2056245,45.5208641,9.2057402,45.5209185
1893,9.2057773,45.5208619,9.2057402,45.5209185
1894,9.2062532,45.5214758,9.206471,45.5218601
1895,9.2063787,45.5218874,9.206471,45.5218601
1896,9.2063742,45.5233749,9.2059903,45.5234828
1897,9.2040651,45.5231206,9.2042741,45.5228173
1898,9.206523,45.5219505,9.2065706,45.5220341
1899,9.2037782,45.5261808,9.2039589,45.5261865
1900,9.2043523,45.5265066,9.2039589,45.5261865
1901,9.2048971,45.5264301,9.2043909,45.5265739
1902,9.2073594,45.5184796,9.2075742,45.5184187
1903,9.2069663,45.5173643,9.2075742,45.5184187
1904,9.207406,45.5185638,9.2073594,45.5184796
1905,9.2072432,45.5185125,9.2073594,45.5184796
1906,9.2072295,45.5186179,9.2071802,45.5185304
1907,9.2071294,45.5185448,9.2071802,45.5185304
1908,9.2095641,45.5096383,9.2098157,45.5095657
1909,9.2086817,45.5098814,9.2095641,45.5096383
1910,9.2082821,45.509993,9.2086817,45.5098814
1911,9.2104297,45.509288,9.2120327,45.5099055
1912,9.2101368,45.5099143,9.2097826,45.5100111
1913,9.2097548,45.5099638,9.2097826,45.5100111
1914,9.2107421,45.5108002,9.2104716,45.5103249
1915,9.2110647,45.5065403,9.2110988,45.5065211
1916,9.2081753,45.5224697,9.2081531,45.5217811
1917,9.2087468,45.5226744,9.2081531,45.5217811
1918,9.2071321,45.5218854,9.2072757,45.5218358
1919,9.2081531,45.5217811,9.2078982,45.5218312
1920,9.207854,45.5218484,9.2078982,45.5218312
1921,9.2066612,45.5220112,9.207042,45.5219152
1922,9.208033,45.5225082,9.2081753,45.5224697
1923,9.2104535,45.5231352,9.2105756,45.5233396
1924,9.2098604,45.5225067,9.2103618,45.5233919
1925,9.2118014,45.526286,9.2101877,45.5234362
1926,9.2100574,45.5248735,9.2105874,45.5258416
1927,9.210667,45.5258197,9.2105874,45.5258416
1928,9.2140427,45.5258386,9.2132818,45.526047
1929,9.211868,45.5263998,9.2120387,45.5263533
1930,9.2120107,45.5263031,9.2120387,45.5263533
1931,9.2132818,45.526047,9.2135767,45.5266157
1932,9.2135767,45.5266157,9.2132965,45.5267143
1933,9.2132965,45.5267143,9.2131301,45.5267629
1934,9.2134745,45.5271772,9.2131301,45.5267629
1935,9.212579,45.5268705,9.2126061,45.5269157
1936,9.2126509,45.5269026,9.2126061,45.5269157
1937,9.2120387,45.5263533,9.2123853,45.5269673
1938,9.2135404,45.529362,9.2122092,45.5270057
1939,9.2126061,45.5269157,9.2132946,45.5281569
1940,9.2133415,45.5122934,9.2139294,45.5129974
1941,9.2138898,45.5130119,9.2139294,45.5129974
1942,9.213801,45.5130414,9.2138352,45.5130305
1943,9.2140909,45.5133369,9.2138352,45.5130305
1944,9.2120728,45.509992,9.2129622,45.5116096
1945,9.22137,45.5195103,9.2214651,45.5198255
1946,9.2233704,45.5199654,9.2233245,45.5198108
1947,9.2220971,45.5199915,9.2233245,45.5198108
1948,9.2209257,45.5141106,9.2197282,45.5142833
1949,9.2197454,45.5143387,9.2198779,45.5147658
1950,9.2021612,45.5232379,9.2016223,45.5222884
1951,9.2021612,45.5232379,9.2016223,45.5222884
1952,9.2021931,45.523294,9.2021612,45.5232379
1953,9.2021931,45.523294,9.2021612,45.5232379
1954,9.2027447,45.5242656,9.2022225,45.5233458
1955,9.2027447,45.5242656,9.2022225,45.5233458
1956,9.2183278,45.5131333,9.2193581,45.5133947
1957,9.2183278,45.5131333,9.2193581,45.5133947
1958,9.2198199,45.5135117,9.2208629,45.5138163
1959,9.2209495,45.5138055,9.2212941,45.5138638
1960,9.1979414,45.5215237,9.1973988,45.5213458
1961,9.1979414,45.5215237,9.1973988,45.5213458
1962,9.2230177,45.5068727,9.2230555,45.5069941
1963,9.2233134,45.5083163,9.2232701,45.5081722
1964,9.2234033,45.5081557,9.2232701,45.5081722
1965,9.224872,45.5085989,9.2249153,45.5085966
1966,9.2238065,45.5087883,9.2237061,45.509124
1967,9.2236691,45.5089918,9.2237061,45.509124
1968,9.2043909,45.5265739,9.2043523,45.5265066
1969,9.2041697,45.5265492,9.2043523,45.5265066
1970,9.2052278,45.5262494,9.2043523,45.5265066
1971,9.2037598,45.5266945,9.2037473,45.5267134
1972,9.203737,45.5268046,9.2037473,45.5267134
1973,9.2035734,45.5267991,9.2035354,45.526721
1974,9.2037473,45.5267134,9.2035354,45.526721
1975,9.2035354,45.526721,9.2034889,45.5267339
1976,9.2037142,45.5267638,9.203737,45.5268046
1977,9.2035435,45.5268361,9.203737,45.5268046
1978,9.2035173,45.5268506,9.2035435,45.5268361
1979,9.2034889,45.5267339,9.2035435,45.5268361
1980,9.2138367,45.5254858,9.2138968,45.5255887
1981,9.2133545,45.5257324,9.2138968,45.5255887
1982,9.2126895,45.5256679,9.2127637,45.5256814
1983,9.2125284,45.5252375,9.2127637,45.5256814
1984,9.2133714,45.5257694,9.2126895,45.5256679
1985,9.2122575,45.5258876,9.2126895,45.5256679
1986,9.2122827,45.5262153,9.2118157,45.5253962
1987,9.2126895,45.5256679,9.2118157,45.5253962
1988,9.2142566,45.5257799,9.2140427,45.5258386
1989,9.2140032,45.5257709,9.2140427,45.5258386
1990,9.2133714,45.5257694,9.2133545,45.5257324
1991,9.2127637,45.5256814,9.2133545,45.5257324
1992,9.2122827,45.5262153,9.2129843,45.526019
1993,9.2139428,45.5257508,9.2129843,45.526019
1994,9.2139428,45.5257508,9.2133714,45.5257694
1995,9.2134254,45.5258726,9.2133714,45.5257694
1996,9.2133545,45.5257324,9.213333,45.5256854
1997,9.2133714,45.5257694,9.2134254,45.5258726
1998,9.2139691,45.5129829,9.2136537,45.5126092
1999,9.2143815,45.5134744,9.2139691,45.5129829
2000,9.2139294,45.5129974,9.2139691,45.5129829
2001,9.2140556,45.5129492,9.2139691,45.5129829
2002,9.2123405,45.5132553,9.2123402,45.5133422
2003,9.2105136,45.513858,9.2120923,45.5134179
2004,9.2106449,45.5145605,9.2103493,45.5140548
2005,9.2103,45.5140887,9.2103493,45.5140548
2006,9.2145017,45.5114109,9.2145217,45.5112737
2007,9.214336,45.5114151,9.2141762,45.5112765
2008,9.2148103,45.5114326,9.2148211,45.5114083
2009,9.2147514,45.5113883,9.2148211,45.5114083
2010,9.2148103,45.5114326,9.2145017,45.5114109
2011,9.214286,45.5117243,9.214336,45.5114151
2012,9.2145017,45.5114109,9.214336,45.5114151
2013,9.2147707,45.5114944,9.2148103,45.5114326
2014,9.2146568,45.5118788,9.2147707,45.5114944
2015,9.2150493,45.5114771,9.2147707,45.5114944
2016,9.2147707,45.5114944,9.2148666,45.5115996
2017,9.2149333,45.5115788,9.2148666,45.5115996
2018,9.2139865,45.5113353,9.214286,45.5117243
2019,9.214286,45.5117243,9.2145037,45.5117887
2020,9.2142072,45.5121847,9.2143826,45.5121308
2021,9.2143826,45.5121308,9.2144189,45.5121778
2022,9.2140618,45.5122294,9.2142072,45.5121847
2023,9.2140618,45.5122294,9.2141281,45.5123203
2024,9.214094,45.5123309,9.2141281,45.5123203
2025,9.2139895,45.5122516,9.2140618,45.5122294
2026,9.2142072,45.5121847,9.2142679,45.5122728
2027,9.2142357,45.5122831,9.2142679,45.5122728
2028,9.2144189,45.5121778,9.2145107,45.5122946
2029,9.2144825,45.5123057,9.2145107,45.5122946
2030,9.2143505,45.5134875,9.2143815,45.5134744
2031,9.2145676,45.5135696,9.2143815,45.5134744
2032,9.214178,45.5135619,9.2142173,45.5135458
2033,9.2141993,45.5135532,9.2142173,45.5135458
2034,9.214094,45.5135991,9.214178,45.5135619
2035,9.2136674,45.5130661,9.214178,45.5135619
2036,9.2140758,45.5136072,9.214094,45.5135991
2037,9.2136324,45.5131252,9.214094,45.5135991
2038,9.2182279,45.5139066,9.2182098,45.51344
2039,9.2149022,45.5128787,9.2149288,45.5128681
2040,9.2147096,45.5129342,9.214744,45.5129249
2041,9.2146495,45.5130572,9.2148017,45.5130057
2042,9.214744,45.5129249,9.2148017,45.5130057
2043,9.2145033,45.5131066,9.2146495,45.5130572
2044,9.2145933,45.5129783,9.2146495,45.5130572
2045,9.214233,45.5130408,9.2142437,45.5130568
2046,9.2141602,45.5130847,9.2142437,45.5130568
2047,9.2145687,45.512985,9.2145933,45.5129783
2048,9.2146495,45.5130572,9.2147035,45.513135
2049,9.214682,45.5131408,9.2147035,45.513135
2050,9.2143777,45.5130085,9.2144207,45.512993
2051,9.2144207,45.512993,9.214441,45.5130214
2052,9.2149813,45.512945,9.2150309,45.5130214
2053,9.2150115,45.5130284,9.2150309,45.5130214
2054,9.2148017,45.5130057,9.2149813,45.512945
2055,9.2149288,45.5128681,9.2149813,45.512945
2056,9.2148017,45.5130057,9.214864,45.5130873
2057,9.2148295,45.5130989,9.214864,45.5130873
2058,9.214441,45.5130214,9.2145033,45.5131066
2059,9.2146568,45.5118788,9.2146626,45.5120102
2060,9.2153392,45.512902,9.2153682,45.5128919
2061,9.2146626,45.5120102,9.2153682,45.5128919
2062,9.2151931,45.5129531,9.2153392,45.512902
2063,9.2149813,45.512945,9.2151931,45.5129531
2064,9.2153055,45.5131095,9.2153894,45.5132224
2065,9.2153541,45.5132353,9.2153894,45.5132224
2066,9.2171648,45.5145522,9.2180747,45.5151513
2067,9.2151931,45.5129531,9.2153055,45.5131095
2068,9.2158579,45.5252016,9.2155766,45.5253036
2069,9.2166835,45.5270686,9.2160584,45.5258062
2070,9.2155766,45.5253036,9.2160584,45.5258062
2071,9.2160584,45.5258062,9.2166835,45.5270686
2072,9.2166835,45.5270686,9.2156022,45.5270974
2073,9.2132965,45.5267143,9.2134745,45.5271772
2074,9.2197377,45.5060275,9.2198616,45.5066079
2075,9.2200703,45.505923,9.2198616,45.5066079
2076,9.2054095,45.5121056,9.2054831,45.5122342
2077,9.2055445,45.5122185,9.2054831,45.5122342
2078,9.2068719,45.5133312,9.2066185,45.5134138
2079,9.222361,45.5285667,9.2208995,45.526928
2080,9.2205334,45.5262832,9.2198669,45.525466
2081,9.2205334,45.5262832,9.222161,45.5256416
2082,9.2208995,45.526928,9.2196941,45.5262651
2083,9.2208995,45.526928,9.2205334,45.5262832
2084,9.2142733,45.5166154,9.2155323,45.5162607
2085,9.2155152,45.5162238,9.2155323,45.5162607
2086,9.2139378,45.5151104,9.2137479,45.5157623
2087,9.2137864,45.515776,9.2137479,45.5157623
2088,9.2137434,45.5157545,9.2137479,45.5157623
2089,9.2139345,45.515613,9.2138068,45.5158852
2090,9.2138378,45.5158532,9.2138068,45.5158852
2091,9.213865,45.5159753,9.2138068,45.5158852
2092,9.2137479,45.5157623,9.2136294,45.5160129
2093,9.2135188,45.5159207,9.2136294,45.5160129
2094,9.2138068,45.5158852,9.2136477,45.5162245
2095,9.2136294,45.5160129,9.2134799,45.5162765
2096,9.2136477,45.5162245,9.2136633,45.5162689
2097,9.2134977,45.5167193,9.213483,45.5167293
2098,9.2106604,45.5102839,9.2117174,45.5099912
2099,9.2148552,45.511364,9.2147962,45.5112199
2100,9.2149804,45.5111943,9.2150392,45.511268
2101,9.2150809,45.5114199,9.2149788,45.5113572
2102,9.2150392,45.511268,9.2149788,45.5113572
2103,9.2148211,45.5114083,9.2148552,45.511364
2104,9.2149788,45.5113572,9.2148552,45.511364
2105,9.2150809,45.5114199,9.2151475,45.5113757
2106,9.2150392,45.511268,9.2151475,45.5113757
2107,9.2151679,45.5114805,9.2150809,45.5114199
2108,9.2150513,45.5114395,9.2150809,45.5114199
2109,9.2151475,45.5113757,9.2152811,45.5115878
2110,9.214602,45.5156213,9.214602,45.5156213
2111,9.2106804,45.5155838,9.2110763,45.5154749
2112,9.2110577,45.5154415,9.2110763,45.5154749
2113,9.2112595,45.5158109,9.2108696,45.5159265
2114,9.2112797,45.5158453,9.2108696,45.5159265
2115,9.2139265,45.512271,9.2139895,45.5122516
2116,9.2219777,45.5230559,9.2221281,45.5231152
2117,9.2116852,45.5144447,9.2115965,45.5144691
2118,9.2173376,45.5138534,9.2177569,45.5144391
2119,9.217809,45.5144241,9.2177569,45.5144391
2120,9.2068753,45.5163603,9.2067771,45.516468
2121,9.2067401,45.516478,9.2067771,45.516468
2122,9.2067771,45.516468,9.2068804,45.5166528
2123,9.2068434,45.5166622,9.2068804,45.5166528
2124,9.2071265,45.5166429,9.2068753,45.5163603
2125,9.2069136,45.5164307,9.2068753,45.5163603
2126,9.2066518,45.5164283,9.2066878,45.5164924
2127,9.2066878,45.5164924,9.2067913,45.5166762
2128,9.2069338,45.5164668,9.2069136,45.5164307
2129,9.2067771,45.516468,9.2069136,45.5164307
2130,9.2101577,45.5099504,9.210198,45.5099393
2131,9.2024183,45.5141563,9.2026818,45.5140821
2132,9.2022337,45.5142084,9.2024183,45.5141563
2133,9.2033323,45.5175342,9.2033323,45.5175342
2134,9.2137636,45.516183,9.213698,45.516201
2135,9.2137636,45.516183,9.213698,45.516201
2136,9.2135514,45.5159372,9.213698,45.516201
2137,9.2153795,45.5080363,9.2159111,45.5105864
2138,9.2159816,45.5109344,9.2159111,45.5105864
2139,9.2157844,45.5158567,9.215394,45.5159661
2140,9.2158759,45.5160226,9.2154738,45.5161346
2141,9.215394,45.5159661,9.2154738,45.5161346
2142,9.212196,45.513353,9.2122901,45.5133268
2143,9.2119779,45.5127768,9.2122901,45.5133268
2144,9.2126015,45.5140055,9.2126661,45.5139896
2145,9.2123618,45.5134486,9.2126661,45.5139896
2146,9.2127154,45.5140763,9.212813,45.5140485
2147,9.2127833,45.5139924,9.212813,45.5140485
2148,9.2127154,45.5140763,9.212752,45.5141424
2149,9.212848,45.514118,9.212752,45.5141424
2150,9.2129412,45.5146608,9.2126573,45.5141712
2151,9.2126917,45.5141607,9.2126573,45.5141712
2152,9.2106899,45.5146369,9.2106449,45.5145605
2153,9.2106113,45.5145705,9.2106449,45.5145605
2154,9.2107888,45.5146091,9.2108293,45.5146806
2155,9.2108634,45.5146714,9.2108293,45.5146806
2156,9.2106963,45.5147165,9.2107295,45.5147075
2157,9.2110893,45.5153482,9.2107295,45.5147075
2158,9.2045525,45.5233676,9.2044333,45.5231306
2159,9.2045302,45.5230277,9.2044333,45.5231306
2160,9.2047914,45.5237781,9.2045525,45.5233676
2161,9.2037796,45.5241473,9.203881,45.5241215
2162,9.2159859,45.5109769,9.2170758,45.5113505
2163,9.2064981,45.515962,9.2064981,45.515962
2164,9.2060341,45.5164963,9.2059588,45.5165177
2165,9.2059231,45.5164543,9.2059588,45.5165177
2166,9.2060273,45.5153387,9.2065353,45.5162234
2167,9.2064891,45.5162201,9.2065353,45.5162234
2168,9.2061389,45.5163134,9.2063305,45.5162596
2169,9.2057808,45.515296,9.2063305,45.5162596
2170,9.2062123,45.5164419,9.2061389,45.5163134
2171,9.2060199,45.5163514,9.2061389,45.5163134
2172,9.2065807,45.5174664,9.2060931,45.5166011
2173,9.2061293,45.5166003,9.2060931,45.5166011
2174,9.2060341,45.5164963,9.2059662,45.5163798
2175,9.2059275,45.5164044,9.2059662,45.5163798
2176,9.20682,45.5162632,9.2066682,45.516304
2177,9.2066453,45.5162632,9.2066682,45.516304
2178,9.2067545,45.5174242,9.206285,45.516565
2179,9.2064754,45.5165128,9.206285,45.516565
2180,9.2064013,45.5163843,9.2064754,45.5165128
2181,9.2066078,45.5164765,9.2064754,45.5165128
2182,9.2133694,45.5152276,9.2132817,45.5152537
2183,9.2133265,45.5153307,9.2132817,45.5152537
2184,9.2132817,45.5152537,9.2132529,45.5152623
2185,9.2131375,45.5151856,9.2132529,45.5152623
2186,9.2116148,45.5141413,9.2116825,45.514264
2187,9.2107046,45.513731,9.2105309,45.5137794
2188,9.211093,45.5131975,9.2110087,45.5130493
2189,9.2111836,45.5131723,9.211093,45.5131975
2190,9.2106877,45.5137012,9.2107046,45.513731
2191,9.2110065,45.5132211,9.2105976,45.5135424
2192,9.211093,45.5131975,9.2110065,45.5132211
2193,9.2112066,45.5140401,9.2109177,45.5141191
2194,9.2117257,45.514342,9.2125177,45.5141161
2195,9.2124879,45.5140667,9.2125177,45.5141161
2196,9.2125217,45.5177775,9.2125827,45.5177586
2197,9.2162878,45.5185932,9.2162635,45.5185496
2198,9.2161467,45.5185832,9.2162635,45.5185496
2199,9.2142187,45.5189905,9.2142511,45.5190503
2200,9.2143551,45.5172574,9.2134089,45.5175279
2201,9.2063305,45.5162596,9.2064656,45.5162255
2202,9.2059662,45.5163798,9.2060199,45.5163514
2203,9.2066518,45.5164283,9.2066078,45.5164765
2204,9.206285,45.516565,9.2061613,45.5165989
2205,9.2099285,45.5222981,9.2099043,45.5223057
2206,9.2100654,45.5223049,9.210088,45.5223435
2207,9.2109775,45.5221002,9.210088,45.5223435
2208,9.2099043,45.5223057,9.2097709,45.5223476
2209,9.2076752,45.5186099,9.2097709,45.5223476
2210,9.2096379,45.5224758,9.2095965,45.5224024
2211,9.2097709,45.5223476,9.2095965,45.5224024
2212,9.2095965,45.5224024,9.2094692,45.5224424
2213,9.2100149,45.522365,9.2100604,45.5224491
2214,9.2099974,45.5224673,9.2100604,45.5224491
2215,9.209446,45.5225323,9.209407,45.5224619
2216,9.2094489,45.5224488,9.209407,45.5224619
2217,9.2098604,45.5225067,9.2099974,45.5224673
2218,9.2098134,45.5224242,9.2098604,45.5225067
2219,9.209685,45.5225572,9.2098604,45.5225067
2220,9.2101877,45.5234362,9.209685,45.5225572
2221,9.2095554,45.5225945,9.209685,45.5225572
2222,9.2094915,45.522613,9.2095554,45.5225945
2223,9.2099849,45.5234938,9.2094915,45.522613
2224,9.2094347,45.5226293,9.2094915,45.522613
2225,9.2162129,45.5160682,9.2164493,45.5165037
2226,9.2167551,45.5170367,9.2175983,45.5181651
2227,9.2174454,45.5182091,9.2175983,45.5181651
2228,9.204437,45.5242674,9.2042815,45.525115
2229,9.2042544,45.5252491,9.2042815,45.525115
2230,9.2044422,45.5252468,9.2044641,45.5251298
2231,9.2042815,45.525115,9.2044641,45.5251298
2232,9.2109812,45.5260968,9.2110735,45.5260754
2233,9.2101571,45.5241936,9.210278,45.5241613
2234,9.2100118,45.5246677,9.2103778,45.5245663
2235,9.2105839,45.52493,9.2103778,45.5245663
2236,9.2102151,45.5250271,9.2105839,45.52493
2237,9.2098032,45.5242883,9.2101571,45.5241936
2238,9.2103778,45.5245663,9.2101571,45.5241936
2239,9.2105588,45.5245161,9.210349,45.5241423
2240,9.2103123,45.5241521,9.210349,45.5241423
2241,9.2100118,45.5246677,9.2098032,45.5242883
2242,9.2097946,45.5242911,9.2098032,45.5242883
2243,9.2105839,45.52493,9.2106209,45.5251734
2244,9.2103385,45.5252458,9.2106209,45.5251734
2245,9.2110833,45.5254511,9.2105588,45.5245161
2246,9.2105233,45.524526,9.2105588,45.5245161
2247,9.2102151,45.5250271,9.2100118,45.5246677
2248,9.2101181,45.5248558,9.2100118,45.5246677
2249,9.2104829,45.5255242,9.2102151,45.5250271
2250,9.2103385,45.5252458,9.2102151,45.5250271
2251,9.2103778,45.5245663,9.2104911,45.5245349
2252,9.210278,45.5241613,9.2104911,45.5245349
2253,9.2110735,45.5260754,9.2106988,45.5253836
2254,9.2104911,45.5245349,9.2108255,45.5251208
2255,9.2106209,45.5251734,9.2108255,45.5251208
2256,9.2108255,45.5251208,9.21127,45.5266
2257,9.2098032,45.5242883,9.2095004,45.5237378
2258,9.2101571,45.5241936,9.2095004,45.5237378
2259,9.2112647,45.5266497,9.210939,45.5281968
2260,9.2106115,45.525453,9.2104829,45.5255242
2261,9.209653,45.5238006,9.209653,45.5238006
2262,9.2087887,45.5257121,9.20878,45.5256962
2263,9.2090792,45.5255321,9.20878,45.5256962
2264,9.2090255,45.5254317,9.2090255,45.5254317
2265,9.2085661,45.5253046,9.2090792,45.5255321
2266,9.21023,45.5138543,9.2099413,45.5133418
2267,9.2099183,45.5133485,9.2099413,45.5133418
2268,9.2119321,45.5126956,9.2119779,45.5127768
2269,9.2118806,45.5128072,9.2119779,45.5127768
2270,9.2131513,45.5123493,9.2120232,45.5126716
2271,9.2120021,45.5126327,9.2120232,45.5126716
2272,9.2115339,45.511993,9.211894,45.5126284
2273,9.2117986,45.5126573,9.211894,45.5126284
2274,9.2118361,45.5127234,9.2117986,45.5126573
2275,9.2117144,45.5126828,9.2117986,45.5126573
2276,9.2048264,45.5071246,9.2042832,45.5074973
2277,9.204251,45.507432,9.2042832,45.5074973
2278,9.2052895,45.5120624,9.2043973,45.5123135
2279,9.2043768,45.5122755,9.2043973,45.5123135
2280,9.2071804,45.5129725,9.2072818,45.5129457
2281,9.2068695,45.5122334,9.2072818,45.5129457
2282,9.2088162,45.5157004,9.2088585,45.5157798
2283,9.2087843,45.5157988,9.2088585,45.5157798
2284,9.2098668,45.5177882,9.2087422,45.5158123
2285,9.2086674,45.5158362,9.2087422,45.5158123
2286,9.216376,45.5206243,9.214429,45.5211485
2287,9.2143871,45.5210691,9.214429,45.5211485
2288,9.2137794,45.5200069,9.2143871,45.5210691
2289,9.2142862,45.5210946,9.2143871,45.5210691
2290,9.2134109,45.5193594,9.2134698,45.5194747
2291,9.2133775,45.5194996,9.2134698,45.5194747
2292,9.2133657,45.5192815,9.2134109,45.5193594
2293,9.2135615,45.5193257,9.2134109,45.5193594
2294,9.2143622,45.5190952,9.2135615,45.5193257
2295,9.2135301,45.5192811,9.2135615,45.5193257
2296,9.2149507,45.5189247,9.2143622,45.5190952
2297,9.2142736,45.5190807,9.2152124,45.518815
2298,9.2152124,45.518815,9.2152264,45.5187935
2299,9.2152264,45.5187935,9.2143551,45.5172574
2300,9.2141653,45.5166445,9.2144509,45.5171628
2301,9.21456,45.5171313,9.2144509,45.5171628
2302,9.2125217,45.5177775,9.2133657,45.5192815
2303,9.2132576,45.5192898,9.2133657,45.5192815
2304,9.2124669,45.5176856,9.2125217,45.5177775
2305,9.2124127,45.5178113,9.2125217,45.5177775
2306,9.2123599,45.517719,9.2124669,45.5176856
2307,9.2121925,45.5171962,9.2124669,45.5176856
2308,9.2125617,45.5176593,9.2124669,45.5176856
2309,9.2123584,45.517153,9.2131877,45.5169318
2310,9.2131581,45.5168732,9.2131877,45.5169318
2311,9.2135457,45.5168066,9.2135595,45.5168318
2312,9.2131877,45.5169318,9.2135595,45.5168318
2313,9.2135293,45.5167768,9.2135457,45.5168066
2314,9.2135293,45.5167768,9.2135457,45.5168066
2315,9.21413,45.5165809,9.2141653,45.5166445
2316,9.2140731,45.5166988,9.2141653,45.5166445
2317,9.215295,45.5188287,9.2153868,45.5188022
2318,9.2153625,45.5187599,9.2153868,45.5188022
2319,9.2122118,45.5171265,9.2121925,45.5171962
2320,9.2143522,45.5171879,9.2140731,45.5166988
2321,9.2139649,45.5167269,9.2140731,45.5166988
2322,9.2135457,45.5168066,9.2140432,45.5166788
2323,9.213797,45.5161738,9.2137636,45.516183
2324,9.2140053,45.5166115,9.2137636,45.516183
2325,9.2136428,45.515709,9.2135566,45.5157356
2326,9.213584,45.5157972,9.2135566,45.5157356
2327,9.2135566,45.5157356,9.2134489,45.5157666
2328,9.213424,45.5157213,9.2134489,45.5157666
2329,9.212782,45.5160602,9.2126609,45.5161347
2330,9.2130238,45.5160379,9.2126609,45.5161347
2331,9.2126609,45.5161347,9.2123666,45.5162193
2332,9.2123805,45.5162426,9.2123666,45.5162193
2333,9.2122934,45.5160981,9.2119548,45.5161953
2334,9.2120561,45.5162044,9.2119548,45.5161953
2335,9.2116777,45.5161772,9.2117255,45.5162611
2336,9.2118107,45.5162368,9.2117255,45.5162611
2337,9.2117255,45.5162611,9.2117695,45.5163372
2338,9.2118021,45.5163277,9.2117695,45.5163372
2339,9.2120509,45.516654,9.2119696,45.5166769
2340,9.2118213,45.5164238,9.2119696,45.5166769
2341,9.2121925,45.5171962,9.2123584,45.517153
2342,9.2123211,45.51708,9.2123584,45.517153
2343,9.2112496,45.5154222,9.2114394,45.515757
2344,9.2106899,45.5146369,9.2107888,45.5146091
2345,9.2107434,45.5145311,9.2107888,45.5146091
2346,9.2109364,45.5146296,9.210906,45.5145754
2347,9.2108746,45.5145846,9.210906,45.5145754
2348,9.2116752,45.5143563,9.2117257,45.514342
2349,9.2125177,45.5141161,9.2126112,45.5140895
2350,9.2126573,45.5141712,9.2126112,45.5140895
2351,9.2126112,45.5140895,9.2125695,45.5140155
2352,9.2125026,45.5140365,9.2125695,45.5140155
2353,9.2122656,45.5134769,9.2122371,45.5134277
2354,9.2122371,45.5134277,9.2122187,45.513394
2355,9.2122187,45.513394,9.212196,45.513353
2356,9.2120881,45.51335,9.212196,45.513353
2357,9.2121616,45.513294,9.2118806,45.5128072
2358,9.211795,45.5128339,9.2118806,45.5128072
2359,9.2118806,45.5128072,9.2118361,45.5127234
2360,9.2099728,45.5131706,9.2100105,45.5132387
2361,9.2101026,45.5132127,9.2100105,45.5132387
2362,9.2103183,45.5138502,9.2103493,45.5138464
2363,9.2103233,45.513803,9.2103493,45.5138464
2364,9.2103493,45.5138464,9.2103824,45.5139089
2365,9.2103824,45.5139089,9.2103938,45.5139302
2366,9.2103448,45.5139194,9.2103938,45.5139302
2367,9.2103938,45.5139302,9.2104009,45.5139425
2368,9.2104009,45.5139425,9.2104398,45.5140093
2369,9.2104776,45.513996,9.2104398,45.5140093
2370,9.2107701,45.5145232,9.2107434,45.5145311
2371,9.2104534,45.5140326,9.2107434,45.5145311
2372,9.2134015,45.5152841,9.2136428,45.515709
2373,9.2130228,45.5149037,9.2130763,45.5148887
2374,9.2132817,45.5152537,9.2130763,45.5148887
2375,9.2130763,45.5148887,9.2131631,45.5148643
2376,9.212752,45.5141424,9.2131631,45.5148643
2377,9.2135566,45.5157356,9.2133265,45.5153307
2378,9.2132529,45.5152623,9.2132969,45.5153387
2379,9.21413,45.5165809,9.2140321,45.5166049
2380,9.2140731,45.5166988,9.2140321,45.5166049
2381,9.213679,45.5157718,9.21413,45.5165809
2382,9.2141834,45.5165678,9.21413,45.5165809
2383,9.2141653,45.5166445,9.2142733,45.5166154
2384,9.214259,45.5165831,9.2142733,45.5166154
2385,9.2152454,45.518742,9.2143877,45.5172499
2386,9.2143088,45.5172732,9.2143877,45.5172499
2387,9.2143877,45.5172499,9.2144843,45.5172213
2388,9.2144509,45.5171628,9.2144843,45.5172213
2389,9.2134041,45.5152172,9.2133694,45.5152276
2390,9.2131631,45.5148643,9.2133694,45.5152276
2391,9.2063408,45.521452,9.2068013,45.5213268
2392,9.2061626,45.5213197,9.2062532,45.5214758
2393,9.2046008,45.5229497,9.2058435,45.5211756
2394,9.2045302,45.5230277,9.2049075,45.5237145
2395,9.204922,45.5238636,9.2048377,45.5237335
2396,9.204922,45.5238636,9.2048377,45.5237335
2397,9.2046198,45.5242828,9.2046844,45.5239345
2398,9.2046198,45.5242828,9.2046844,45.5239345
2399,9.2042544,45.5252491,9.2044422,45.5252468
2400,9.2041546,45.5252504,9.2042544,45.5252491
2401,9.2041546,45.5252504,9.2042544,45.5252491
2402,9.2039231,45.526101,9.2041546,45.5252504
2403,9.2039231,45.526101,9.2041546,45.5252504
2404,9.2079963,45.5106083,9.206912,45.5121444
2405,9.206912,45.5121444,9.2071363,45.5119492
2406,9.2071363,45.5119492,9.2071596,45.5119049
2407,9.2071596,45.5119049,9.2072201,45.5119312
2408,9.2072201,45.5119312,9.2072287,45.5119239
2409,9.2072287,45.5119239,9.2075228,45.5120622
2410,9.2075228,45.5120622,9.2079423,45.5125531
2411,9.2079423,45.5125531,9.2082122,45.5127646
2412,9.2082122,45.5127646,9.2084141,45.5129029
2413,9.2084141,45.5129029,9.2084948,45.5129407
2414,9.2084948,45.5129407,9.2087004,45.5129414
2415,9.2087004,45.5129414,9.2088618,45.5129531
2416,9.2088618,45.5129531,9.2094008,45.5132107
2417,9.2082505,45.5144544,9.2101662,45.5139244
2418,9.2101438,45.5138878,9.2101662,45.5139244
2419,9.2074874,45.5133037,9.2080181,45.5142975
2420,9.2095703,45.5133198,9.2099142,45.5134853
2421,9.2099142,45.5134853,9.2095703,45.5133198
2422,9.2095169,45.5132854,9.2079963,45.5106083
2423,9.2094008,45.5132107,9.2095169,45.5132854
2424,9.2049767,45.5133067,9.2050247,45.5133912
2425,9.2050247,45.5133912,9.2057348,45.5131877
2426,9.2054986,45.5127644,9.2047805,45.5129615
2427,9.2056874,45.5131028,9.2054986,45.5127644
2428,9.2049767,45.5133067,9.2051272,45.5132635
2429,9.2051272,45.5132635,9.2055585,45.5131397
2430,9.2051272,45.5132635,9.2055585,45.5131397
2431,9.2061893,45.5118744,9.2064155,45.5118117
2432,9.2062331,45.512772,9.2059235,45.5128575
2433,9.2066322,45.5121811,9.2068749,45.5125948
2434,9.2061343,45.5132322,9.207095,45.51297
2435,9.2064469,45.513784,9.2061343,45.5132322
2436,9.207095,45.51297,9.2074319,45.5135569
2437,9.2074319,45.5135569,9.2064687,45.5138224
2438,9.2054597,45.5124979,9.205286,45.5121961
2439,9.2057771,45.5130735,9.2054597,45.5124979
2440,9.2054597,45.5124979,9.2056096,45.5124648
2441,9.2054831,45.5122342,9.2056096,45.5124648
2442,9.2061256,45.5136962,9.2060424,45.5135389
2443,9.2065894,45.5136214,9.2065971,45.5136507
2444,9.2066347,45.5136414,9.2065971,45.5136507
2445,9.2065971,45.5136507,9.206579,45.5137018
2446,9.206579,45.5137018,9.2066347,45.5136414
2447,9.206701,45.5121315,9.2066152,45.5121522
2448,9.2066052,45.5121351,9.2066152,45.5121522
2449,9.2055616,45.5122141,9.2061601,45.5118825
2450,9.2062393,45.5120176,9.2061601,45.5118825
2451,9.2066152,45.5121522,9.2062393,45.5120176
2452,9.2062393,45.5120176,9.2055616,45.5122141
2453,9.2059235,45.5128575,9.2055616,45.5122141
2454,9.2064155,45.5118117,9.2066052,45.5121351
2455,9.2061601,45.5118825,9.2061893,45.5118744
2456,9.2066185,45.5134138,9.2065894,45.5136214
2457,9.2065894,45.5136214,9.2065487,45.5137126
2458,9.206579,45.5137018,9.2065487,45.5137126
2459,9.2065487,45.5137126,9.2064469,45.513784
2460,9.2064687,45.5138224,9.2064469,45.513784
2461,9.2055585,45.5131397,9.2056874,45.5131028
2462,9.2057348,45.5131877,9.2056874,45.5131028
2463,9.2047805,45.5129615,9.2049767,45.5133067
2464,9.2049602,45.513312,9.2049767,45.5133067
2465,9.205553,45.5097944,9.2055818,45.5097857
2466,9.2057765,45.5101893,9.205963,45.5101047
2467,9.2055078,45.5098083,9.2057294,45.5102015
2468,9.2061808,45.5126037,9.2061808,45.5126037
2469,9.2064049,45.5123601,9.2064049,45.5123601
2470,9.2066152,45.5121522,9.2066322,45.5121811
2471,9.2068749,45.5125948,9.2062331,45.512772
2472,9.2079891,45.5099928,9.2079397,45.5100707
2473,9.2080542,45.5101069,9.2079397,45.5100707
2474,9.2177328,45.5119931,9.2177328,45.5119931
2475,9.2085336,45.5103971,9.2101577,45.5099504
2476,9.2173949,45.5119687,9.2173949,45.5119687
2477,9.2244926,45.5168657,9.2226241,45.5171456
2478,9.2226111,45.5171048,9.2226241,45.5171456
2479,9.2183842,45.5136235,9.2183842,45.5136235
2480,9.2208806,45.5180835,9.222599,45.5178251
2481,9.2225865,45.5177807,9.222599,45.5178251
2482,9.22137,45.5195103,9.2214711,45.5194922
2483,9.2214561,45.5194408,9.2214711,45.5194922
2484,9.2228971,45.5183717,9.2227549,45.517882
2485,9.2226604,45.5178954,9.2227549,45.517882
2486,9.2225351,45.51716,9.2225158,45.5170951
2487,9.2224364,45.5171073,9.2225158,45.5170951
2488,9.2194947,45.5137586,9.2198232,45.5137061
2489,9.2196261,45.5139994,9.2196261,45.5139994
2490,9.2207418,45.5181047,9.2210193,45.5186175
2491,9.2209384,45.5186348,9.2210193,45.5186175
2492,9.2182098,45.51344,9.2182347,45.5132753
2493,9.2182347,45.5132753,9.2193898,45.5134434
2494,9.2183816,45.5138453,9.2183816,45.5138453
2495,9.2187544,45.5137984,9.2187544,45.5137984
2496,9.223686,45.5209576,9.2236791,45.5209365
2497,9.2236124,45.5209496,9.2236791,45.5209365
2498,9.2183014,45.5133035,9.2193944,45.5134754
2499,9.2194947,45.5137586,9.2193944,45.5134754
2500,9.2227329,45.517805,9.222856,45.5177865
2501,9.2228448,45.5177469,9.222856,45.5177865
2502,9.2227329,45.517805,9.2227116,45.5177335
2503,9.2226238,45.5177446,9.2227116,45.5177335
2504,9.2069611,45.514833,9.2070335,45.5148133
2505,9.2070065,45.5147642,9.2070335,45.5148133
2506,9.2059839,45.5150988,9.2068778,45.5148556
2507,9.2068499,45.5148075,9.2068778,45.5148556
2508,9.205906,45.51512,9.2059839,45.5150988
2509,9.2059566,45.5150506,9.2059839,45.5150988
2510,9.2051745,45.5142273,9.2056515,45.5150773
2511,9.2057916,45.5150382,9.2056515,45.5150773
2512,9.2133694,45.5152276,9.2134015,45.5152841
2513,9.2071804,45.5129725,9.2068016,45.5123078
2514,9.2074869,45.5135347,9.2072599,45.5131155
2515,9.208159,45.5099652,9.2082821,45.509993
2516,9.2082986,45.5100236,9.2082821,45.509993
2517,9.2229408,45.5102287,9.2228865,45.5102287
2518,9.2228864,45.5101675,9.2228865,45.5102287
2519,9.2228533,45.5063443,9.2228728,45.5064102
2520,9.2106877,45.5137012,9.2107915,45.5136716
2521,9.2108146,45.5139343,9.2109147,45.5139064
2522,9.2117875,45.5145703,9.2117875,45.5145703
2523,9.2118324,45.5133824,9.2117412,45.5134079
2524,9.2119686,45.5136124,9.2118846,45.5136368
2525,9.2110341,45.5133877,9.2111129,45.5133686
2526,9.2120722,45.5133192,9.2120406,45.5133281
2527,9.2115786,45.5136515,9.2121328,45.5134997
2528,9.2105395,45.513913,9.2121328,45.5134997
2529,9.2219856,45.5213298,9.2228692,45.5226803
2530,9.2228972,45.5227512,9.2228692,45.5226803
2531,9.2119069,45.5163999,9.2118213,45.5164238
2532,9.2117695,45.5163372,9.2118213,45.5164238
2533,9.206701,45.5121315,9.2065801,45.5119192
2534,9.2065188,45.511937,9.2065801,45.5119192
2535,9.2064714,45.511729,9.2063965,45.5117509
2536,9.2063758,45.511713,9.2063965,45.5117509
2537,9.2068016,45.5123078,9.206701,45.5121315
2538,9.2056874,45.5131028,9.2057771,45.5130735
2539,9.2060424,45.5135389,9.2057771,45.5130735
2540,9.2068804,45.5166528,9.2069599,45.5166319
2541,9.2068804,45.5166528,9.206984,45.5166812
2542,9.2069599,45.5166319,9.2069338,45.5164668
2543,9.206984,45.5166812,9.2071265,45.5166429
2544,9.2184802,45.5115767,9.2189387,45.5117065
2545,9.2189129,45.5117478,9.2189387,45.5117065
2546,9.2235454,45.5137319,9.2236191,45.5137174
2547,9.2236288,45.5137563,9.2236191,45.5137174
2548,9.2221398,45.5139428,9.2234817,45.5137415
2549,9.2234699,45.5136909,9.2234817,45.5137415
2550,9.2090507,45.5083464,9.2090507,45.5083464
2551,9.2102638,45.5099596,9.2102156,45.5099718
2552,9.210198,45.5099393,9.2102156,45.5099718
2553,9.2101983,45.5094719,9.2103794,45.5097613
2554,9.2103933,45.5097579,9.2103794,45.5097613
2555,9.2101368,45.5099143,9.2101577,45.5099504
2556,9.2131631,45.5148643,9.2131961,45.514855
2557,9.2132549,45.5148388,9.2131961,45.514855
2558,9.2131935,45.5147157,9.2131961,45.514855
2559,9.2131961,45.514855,9.2134041,45.5152172
2560,9.213453,45.5152036,9.2134041,45.5152172
2561,9.21299,45.5149129,9.2130228,45.5149037
2562,9.2130523,45.5150181,9.2130228,45.5149037
2563,9.2210884,45.5076611,9.2209639,45.5075594
2564,9.221107,45.5076763,9.2210884,45.5076611
2565,9.2232314,45.5083267,9.2231986,45.5083306
2566,9.222091,45.5078138,9.2231986,45.5083306
2567,9.2224468,45.508702,9.2224353,45.5087115
2568,9.2224468,45.508702,9.2224353,45.5087115
2569,9.2224353,45.5087115,9.2224053,45.5087263
2570,9.2224353,45.5087115,9.2224053,45.5087263
2571,9.2224053,45.5087263,9.22237,45.5087332
2572,9.2224053,45.5087263,9.22237,45.5087332
2573,9.2222552,45.5086816,9.2222496,45.5086563
2574,9.2222552,45.5086816,9.2222496,45.5086563
2575,9.2222496,45.5086563,9.2222558,45.5086319
2576,9.2222496,45.5086563,9.2222558,45.5086319
2577,9.2222558,45.5086319,9.2222729,45.5086101
2578,9.2222558,45.5086319,9.2222729,45.5086101
2579,9.2221999,45.5083539,9.222299,45.5085934
2580,9.2222729,45.5086101,9.222299,45.5085934
2581,9.2222729,45.5086101,9.222299,45.5085934
2582,9.2223516,45.5087335,9.2223334,45.5087316
2583,9.2223516,45.5087335,9.2223334,45.5087316
2584,9.2223334,45.5087316,9.2222997,45.5087216
2585,9.2223334,45.5087316,9.2222997,45.5087216
2586,9.2222997,45.5087216,9.2222726,45.5087043
2587,9.2222997,45.5087216,9.2222726,45.5087043
2588,9.2222726,45.5087043,9.2222552,45.5086816
2589,9.2222726,45.5087043,9.2222552,45.5086816
2590,9.222299,45.5085934,9.2223314,45.5085834
2591,9.222299,45.5085934,9.2223314,45.5085834
2592,9.2223314,45.5085834,9.2223666,45.5085812
2593,9.2223314,45.5085834,9.2223666,45.5085812
2594,9.2223666,45.5085812,9.222401,45.5085871
2595,9.2223666,45.5085812,9.222401,45.5085871
2596,9.222401,45.5085871,9.222431,45.5086003
2597,9.222401,45.5085871,9.222431,45.5086003
2598,9.222431,45.5086003,9.2224532,45.5086196
2599,9.222431,45.5086003,9.2224532,45.5086196
2600,9.222462,45.5086336,9.2224654,45.5086429
2601,9.222462,45.5086336,9.2224654,45.5086429
2602,9.2224654,45.5086429,9.2224664,45.5086677
2603,9.2224654,45.5086429,9.2224664,45.5086677
2604,9.2224664,45.5086677,9.222456,45.5086914
2605,9.2224664,45.5086677,9.222456,45.5086914
2606,9.222855,45.5085901,9.2228829,45.5085834
2607,9.2229124,45.5085821,9.2228829,45.5085834
2608,9.2230464,45.5083336,9.2229124,45.5085821
2609,9.2229473,45.5085881,9.2229124,45.5085821
2610,9.2228829,45.5085834,9.2229124,45.5085821
2611,9.2229776,45.5086018,9.2229473,45.5085881
2612,9.2229124,45.5085821,9.2229473,45.5085881
2613,9.2229998,45.5086216,9.2229776,45.5086018
2614,9.2229473,45.5085881,9.2229776,45.5086018
2615,9.2230116,45.5086454,9.2229998,45.5086216
2616,9.2229776,45.5086018,9.2229998,45.5086216
2617,9.2230117,45.5086706,9.2230116,45.5086454
2618,9.2229998,45.5086216,9.2230116,45.5086454
2619,9.2230001,45.5086945,9.2230117,45.5086706
2620,9.2230116,45.5086454,9.2230117,45.5086706
2621,9.222978,45.5087144,9.2230001,45.5086945
2622,9.2230117,45.5086706,9.2230001,45.5086945
2623,9.2229479,45.5087282,9.222978,45.5087144
2624,9.2230001,45.5086945,9.222978,45.5087144
2625,9.222913,45.5087343,9.2229479,45.5087282
2626,9.222978,45.5087144,9.2229479,45.5087282
2627,9.2228771,45.5087322,9.222913,45.5087343
2628,9.2229479,45.5087282,9.222913,45.5087343
2629,9.2228442,45.508722,9.2228771,45.5087322
2630,9.222913,45.5087343,9.2228771,45.5087322
2631,9.2228179,45.5087048,9.2228442,45.508722
2632,9.2228771,45.5087322,9.2228442,45.508722
2633,9.2228009,45.5086826,9.2228179,45.5087048
2634,9.2228442,45.508722,9.2228179,45.5087048
2635,9.2228009,45.5086826,9.2227953,45.508661
2636,9.2227987,45.5086392,9.2227953,45.508661
2637,9.2228108,45.5086189,9.2227987,45.5086392
2638,9.2227953,45.508661,9.2227987,45.5086392
2639,9.2228307,45.5086019,9.2228108,45.5086189
2640,9.2227987,45.5086392,9.2228108,45.5086189
2641,9.2228307,45.5086019,9.222855,45.5085901
2642,9.2228829,45.5085834,9.222855,45.5085901
2643,9.2231986,45.5083306,9.2230464,45.5083336
2644,9.2226272,45.5080994,9.2226272,45.5080994
2645,9.2231986,45.5083306,9.2223456,45.5089046
2646,9.2223455,45.5089127,9.2223456,45.5089046
2647,9.2220588,45.5078142,9.222091,45.5078138
2648,9.2221966,45.5079011,9.222091,45.5078138
2649,9.2220294,45.5089578,9.2223452,45.5089499
2650,9.2223456,45.5089046,9.2223516,45.5087335
2651,9.22237,45.5087332,9.2223516,45.5087335
2652,9.22237,45.5087332,9.2223516,45.5087335
2653,9.2224468,45.508702,9.2228009,45.5086826
2654,9.2227953,45.508661,9.2228009,45.5086826
2655,9.2228179,45.5087048,9.2228009,45.5086826
2656,9.222462,45.5086336,9.2226734,45.5084303
2657,9.2228307,45.5086019,9.2226734,45.5084303
2658,9.2226671,45.5083398,9.2226639,45.5082066
2659,9.2226639,45.5082066,9.2230135,45.5081753
2660,9.2230135,45.5081753,9.2225647,45.5078885
2661,9.2225647,45.5078885,9.2225782,45.5082015
2662,9.2226639,45.5082066,9.2225782,45.5082015
2663,9.2225782,45.5082015,9.2222074,45.5081718
2664,9.2222074,45.5081718,9.2221966,45.5079011
2665,9.2225647,45.5078885,9.2221966,45.5079011
2666,9.2230316,45.5077383,9.2220913,45.5077678
2667,9.222091,45.5078138,9.2220913,45.5077678
2668,9.222855,45.5085901,9.2228307,45.5086019
2669,9.2228108,45.5086189,9.2228307,45.5086019
2670,9.2230135,45.5081753,9.2230464,45.5083336
2671,9.2230464,45.5083336,9.2226671,45.5083398
2672,9.2226734,45.5084303,9.2226671,45.5083398
2673,9.2226671,45.5083398,9.2221999,45.5083539
2674,9.2222074,45.5081718,9.2221999,45.5083539
2675,9.222456,45.5086914,9.2224468,45.508702
2676,9.222456,45.5086914,9.2224468,45.508702
2677,9.2224532,45.5086196,9.222462,45.5086336
2678,9.2224532,45.5086196,9.222462,45.5086336
2679,9.206228,45.5110906,9.2065697,45.5117055
2680,9.2106988,45.5253836,9.2106115,45.525453
2681,9.2106115,45.525453,9.2108009,45.5257828
2682,9.2108404,45.5261329,9.2109812,45.5260968
2683,9.2108009,45.5257828,9.2109812,45.5260968
2684,9.223355,45.5071754,9.2233777,45.5072723
2685,9.2230931,45.5071149,9.2231964,45.5074468
2686,9.2233777,45.5072723,9.2231964,45.5074468
2687,9.2231393,45.5077369,9.2230316,45.5077383
2688,9.2230178,45.5077057,9.2230316,45.5077383
2689,9.2229772,45.5065403,9.222965,45.5064811
2690,9.2227357,45.5066926,9.2227126,45.5066106
2691,9.2230081,45.5066468,9.2230264,45.5067079
2692,9.2230762,45.50672,9.2230264,45.5067079
2693,9.2230931,45.5071149,9.223355,45.5071754
2694,9.2226561,45.5073585,9.2226561,45.5073585
2695,9.2231393,45.5077369,9.2231117,45.5076438
2696,9.2230235,45.5076572,9.2231117,45.5076438
2697,9.222702,45.5065757,9.2226859,45.5065241
2698,9.2229772,45.5065403,9.2229835,45.5065697
2699,9.2227126,45.5066106,9.2229835,45.5065697
2700,9.2227357,45.5066926,9.2227522,45.5067469
2701,9.222727,45.5067792,9.2227522,45.5067469
2702,9.2230699,45.5070403,9.2230931,45.5071149
2703,9.2183532,45.5037233,9.2183482,45.5036341
2704,9.2220829,45.5083574,9.2211415,45.5083822
2705,9.219711,45.5072045,9.2197592,45.5077617
2706,9.219711,45.5072045,9.2195604,45.5069323
2707,9.2200273,45.5072798,9.219711,45.5072045
2708,9.2200273,45.5072798,9.219711,45.5072045
2709,9.2188438,45.5091718,9.2194263,45.5091169
2710,9.219751,45.5098263,9.218701,45.5094183
2711,9.2195662,45.5101786,9.2195399,45.5102166
2712,9.2198911,45.5090688,9.2201203,45.5094313
2713,9.2199608,45.5098084,9.2198372,45.5098374
2714,9.218701,45.5094183,9.2188438,45.5091718
2715,9.2198372,45.5098374,9.219751,45.5098263
2716,9.2094027,45.5086251,9.2104204,45.5074413
2717,9.2104932,45.5075402,9.2105918,45.5076743
2718,9.2105918,45.5076743,9.210226,45.5083164
2719,9.2099756,45.5088994,9.2094027,45.5086251
2720,9.211293,45.5068674,9.213517,45.5086732
2721,9.2170371,45.5145357,9.217097,45.5145434
2722,9.21695,45.5145245,9.2169744,45.5145278
2723,9.2041661,45.5080943,9.2043082,45.5080548
2724,9.210226,45.5083164,9.2099756,45.5088994
2725,9.2104297,45.509288,9.2104529,45.5092622
2726,9.2104529,45.5092622,9.2121427,45.5099743
2727,9.2038775,45.5081743,9.2041661,45.5080943
2728,9.2148666,45.5115996,9.21695,45.5145245
2729,9.217097,45.5145434,9.2171648,45.5145522
2730,9.2101861,45.5094465,9.2103416,45.5093861
2731,9.2136783,45.512599,9.2136914,45.5125936
2732,9.2136537,45.5126092,9.2136783,45.512599
2733,9.2138241,45.5126224,9.2136783,45.512599
2734,9.2133929,45.512245,9.2136783,45.512599
2735,9.2169744,45.5145278,9.2170371,45.5145357
2736,9.2082308,45.51442,9.2082505,45.5144544
2737,9.208129,45.514488,9.2082505,45.5144544
2738,9.2079741,45.5144476,9.2080867,45.5144205
2739,9.2080181,45.5142975,9.2080867,45.5144205
2740,9.2066766,45.5118913,9.2068695,45.5122334
2741,9.2072818,45.5129457,9.2074874,45.5133037
2742,9.2073897,45.5280454,9.2073612,45.5279968
2743,9.2027144,45.5215898,9.2026737,45.5216012
2744,9.210575,45.510304,9.2108405,45.5107709
2745,9.2110051,45.5112621,9.2107421,45.5108002
2746,9.2118461,45.5149131,9.2119177,45.5150425
2747,9.2059036,45.5198974,9.2056412,45.5194298
2748,9.2064294,45.5190786,9.2067008,45.5195488
2749,9.2057468,45.5199421,9.2059036,45.5198974
2750,9.2067008,45.5195488,9.2067607,45.519461
2751,9.2042944,45.5169007,9.2036791,45.5158392
2752,9.2036791,45.5158392,9.2042944,45.5169007
2753,9.1980172,45.521547,9.1979414,45.5215237
2754,9.1980172,45.521547,9.1979414,45.5215237
2755,9.1987638,45.5198225,9.1982027,45.5216031
2756,9.1987638,45.5198225,9.1982027,45.5216031
2757,9.199097,45.5198771,9.1987638,45.5198225
2758,9.199097,45.5198771,9.1987638,45.5198225
2759,9.199595,45.5189765,9.1989158,45.5191627
2760,9.199595,45.5189765,9.1989158,45.5191627
2761,9.1989158,45.5191627,9.1989567,45.5192329
2762,9.1989158,45.5191627,9.1989567,45.5192329
2763,9.1991175,45.5195842,9.1991777,45.5197158
2764,9.1991175,45.5195842,9.1991777,45.5197158
2765,9.1991777,45.5197158,9.199097,45.5198771
2766,9.1991777,45.5197158,9.199097,45.5198771
2767,9.2003244,45.5201645,9.199595,45.5189765
2768,9.2003244,45.5201645,9.199595,45.5189765
2769,9.2138855,45.5094287,9.2142462,45.5095312
2770,9.2149789,45.5089882,9.2142462,45.5095312
2771,9.2137299,45.5107135,9.2140022,45.5106232
2772,9.2140041,45.5100726,9.2145281,45.5108182
2773,9.2140022,45.5106232,9.2140102,45.5106383
2774,9.2143611,45.5107775,9.2142689,45.5106573
2775,9.2142936,45.5106483,9.2142689,45.5106573
2776,9.2222305,45.513436,9.2223669,45.5128545
2777,9.2180003,45.5100597,9.2181796,45.5091951
2778,9.2130144,45.5102289,9.2128078,45.5099412
2779,9.2128078,45.5099412,9.2133182,45.5099851
2780,9.2133102,45.5099998,9.2132984,45.5100214
2781,9.218282,45.5102939,9.2182008,45.5101848
2782,9.2177595,45.5105096,9.2177282,45.510301
2783,9.2138843,45.5094234,9.2138855,45.5094287
2784,9.2136869,45.5093899,9.2137265,45.5095025
2785,9.2136618,45.5095151,9.2137265,45.5095025
2786,9.2132984,45.5100214,9.2132833,45.510049
2787,9.2182008,45.5101848,9.21806,45.5100852
2788,9.2142936,45.5106483,9.2143861,45.5107687
2789,9.2142126,45.5108301,9.2143122,45.5109683
2790,9.2143122,45.5109683,9.213758,45.5112172
2791,9.2180485,45.5107657,9.217729,45.5114144
2792,9.2177955,45.5114235,9.217729,45.5114144
2793,9.2177074,45.5114399,9.2177677,45.5114498
2794,9.2177379,45.51152,9.2177677,45.5114498
2795,9.2127473,45.5098212,9.2133584,45.5099434
2796,9.2133102,45.5099998,9.2133584,45.5099434
2797,9.2142462,45.5095312,9.2146928,45.5102031
2798,9.2177282,45.510301,9.2175598,45.5102487
2799,9.2132706,45.5104856,9.2132706,45.5104856
2800,9.2177282,45.510301,9.2177595,45.5105096
2801,9.2180097,45.5107165,9.2177595,45.5105096
2802,9.218294,45.5103177,9.2180485,45.5107657
2803,9.2191413,45.5115872,9.2191413,45.5115872
2804,9.2140102,45.5106383,9.2142288,45.510564
2805,9.2132833,45.510049,9.2137299,45.5107135
2806,9.2143611,45.5107775,9.2142126,45.5108301
2807,9.2139981,45.5109494,9.2139981,45.5109494
2808,9.2171958,45.5116315,9.2174628,45.511658
2809,9.2174628,45.511658,9.2175485,45.5116665
2810,9.219038,45.5118494,9.2187067,45.5118485
2811,9.2190246,45.5118738,9.219038,45.5118494
2812,9.2239305,45.5118971,9.223922,45.5118686
2813,9.2189937,45.5118992,9.2190246,45.5118738
2814,9.2187067,45.5118485,9.2187242,45.5118795
2815,9.2170708,45.5114351,9.2171958,45.5116315
2816,9.2175077,45.5120067,9.217639,45.5116355
2817,9.2175485,45.5116665,9.217639,45.5116355
2818,9.2189374,45.5116408,9.2189374,45.5116408
2819,9.2201411,45.5119786,9.2193672,45.5117742
2820,9.2185673,45.5115675,9.2185673,45.5115675
2821,9.2188248,45.5119161,9.2188905,45.5119199
2822,9.2189495,45.5119133,9.2189937,45.5118992
2823,9.2187242,45.5118795,9.2187765,45.5119049
2824,9.2188905,45.5119199,9.2189495,45.5119133
2825,9.2187765,45.5119049,9.2188248,45.5119161
2826,9.2171958,45.5116315,9.2174099,45.5120014
2827,9.2174628,45.511658,9.2174099,45.5120014
2828,9.2174099,45.5120014,9.2175077,45.5120067
2829,9.2175485,45.5116665,9.2175077,45.5120067
2830,9.2214362,45.5124149,9.221338,45.5133596
2831,9.2216601,45.5095206,9.2217673,45.5095227
2832,9.2104612,45.509909,9.2105341,45.5100357
2833,9.2105596,45.5100278,9.2105341,45.5100357
2834,9.2119854,45.5100141,9.2119309,45.5100279
2835,9.2105887,45.5094762,9.2119309,45.5100279
2836,9.2085662,45.5083207,9.2080941,45.5092214
2837,9.2068021,45.5089011,9.2080941,45.5092214
2838,9.2103416,45.5093861,9.2105887,45.5094762
2839,9.2105887,45.5094762,9.2105645,45.5097158
2840,9.2096576,45.5096865,9.2096576,45.5096865
2841,9.2105823,45.5100789,9.2105823,45.5100789
2842,9.2084448,45.5104773,9.2084956,45.5104651
2843,9.208506,45.5104793,9.2084956,45.5104651
2844,9.2038536,45.5110913,9.2040961,45.5110205
2845,9.2106903,45.5100958,9.2106903,45.5100958
2846,9.2084279,45.5102946,9.2084279,45.5102946
2847,9.2045722,45.510771,9.2044483,45.5105512
2848,9.2042763,45.5108529,9.2045722,45.510771
2849,9.2037193,45.5107529,9.2037398,45.5107891
2850,9.2040384,45.5109187,9.2039984,45.5108495
2851,9.2041875,45.5107913,9.2039984,45.5108495
2852,9.2037758,45.5108531,9.2042089,45.5107332
2853,9.2044483,45.5105512,9.2037193,45.5107529
2854,9.2039984,45.5108495,9.203694,45.5108664
2855,9.2040961,45.5110205,9.2040384,45.5109187
2856,9.2042089,45.5107332,9.2042763,45.5108529
2857,9.2037398,45.5107891,9.2037758,45.5108531
2858,9.2062716,45.510966,9.2063255,45.5110643
2859,9.2034186,45.5111015,9.2035461,45.5110662
2860,9.2031713,45.5113851,9.2032038,45.5113762
2861,9.2035247,45.5112883,9.2036512,45.5112537
2862,9.2053505,45.5167459,9.2058431,45.5176224
2863,9.2057943,45.5176355,9.2058431,45.5176224
2864,9.2091852,45.5117823,9.2092437,45.5117655
2865,9.2092903,45.511783,9.2092437,45.5117655
2866,9.2071513,45.5173159,9.2077447,45.5183704
2867,9.2076895,45.5183861,9.2077447,45.5183704
2868,9.2077878,45.5184469,9.2078675,45.5184107
2869,9.2078451,45.5183721,9.2078675,45.5184107
2870,9.2140556,45.5129492,9.2138241,45.5126224
2871,9.2124579,45.5134722,9.2123962,45.5134355
2872,9.2141602,45.5130847,9.2140556,45.5129492
2873,9.214094,45.5135991,9.2140747,45.5136454
2874,9.2140658,45.5136298,9.2140747,45.5136454
2875,9.2091514,45.5144196,9.209171,45.5144155
2876,9.2058677,45.517666,9.205944,45.5176448
2877,9.2059287,45.5176169,9.205944,45.5176448
2878,9.2058677,45.517666,9.2059043,45.5177311
2879,9.2058624,45.5177428,9.2059043,45.5177311
2880,9.208826,45.5181495,9.2087992,45.5181
2881,9.2087503,45.5181117,9.2087992,45.5181
2882,9.2077878,45.5184469,9.207854,45.5185601
2883,9.2078293,45.5185666,9.207854,45.5185601
2884,9.2076138,45.5185002,9.2076752,45.5186099
2885,9.2053883,45.5273182,9.2050589,45.5267227
2886,9.2074653,45.5186682,9.2076752,45.5186099
2887,9.2095965,45.5224024,9.2074653,45.5186682
2888,9.2073493,45.5187005,9.2074653,45.5186682
2889,9.209407,45.5224619,9.2072826,45.5187191
2890,9.2072379,45.5187315,9.2072826,45.5187191
2891,9.1989567,45.5192329,9.1991175,45.5195842
2892,9.1989567,45.5192329,9.1991175,45.5195842
2893,9.1982027,45.5216031,9.1980172,45.521547
2894,9.1982027,45.5216031,9.1980172,45.521547
2895,9.2126143,45.5166576,9.2126413,45.51665
2896,9.2129499,45.5165637,9.2126413,45.51665
2897,9.2129804,45.5165552,9.2129499,45.5165637
2898,9.2126413,45.51665,9.2129499,45.5165637
2899,9.2129804,45.5165552,9.213006,45.5165482
2900,9.2133149,45.5164636,9.213006,45.5165482
2901,9.2133518,45.5164534,9.2133149,45.5164636
2902,9.213006,45.5165482,9.2133149,45.5164636
2903,9.2136573,45.5162122,9.213698,45.516438
2904,9.2136633,45.5162689,9.213698,45.516438
2905,9.2129229,45.5164554,9.2129804,45.5165552
2906,9.2130998,45.516766,9.2129804,45.5165552
2907,9.213006,45.5165482,9.2129804,45.5165552
2908,9.2129499,45.5165637,9.2129804,45.5165552
2909,9.207756,45.5136257,9.2078724,45.5135825
2910,9.2078724,45.5135825,9.207756,45.5136257
2911,9.2079618,45.513987,9.2079515,45.5139688
2912,9.2079515,45.5139688,9.2080872,45.5139943
2913,9.2075555,45.5132856,9.2078331,45.5134605
2914,9.207684,45.5135308,9.2078331,45.5134605
2915,9.2082576,45.5137066,9.2081262,45.514015
2916,9.2082736,45.5140415,9.2081262,45.514015
2917,9.2081262,45.514015,9.2079618,45.513987
2918,9.2080872,45.5139943,9.2079618,45.513987
2919,9.2082736,45.5140415,9.2085417,45.5143335
2920,9.2082308,45.51442,9.2085417,45.5143335
2921,9.2083898,45.5137596,9.2087427,45.5138523
2922,9.2085417,45.5143335,9.2087427,45.5138523
2923,9.2083898,45.5137596,9.2082736,45.5140415
2924,9.2083971,45.5138169,9.2083971,45.5138169
2925,9.206956,45.5182764,9.2068131,45.5183159
2926,9.2065444,45.5180066,9.2069417,45.5182432
2927,9.2063589,45.5184023,9.2069417,45.5182432
2928,9.2062474,45.5182043,9.2065444,45.5180066
2929,9.2060646,45.5178796,9.2065444,45.5180066
2930,9.2094884,45.5237183,9.2099502,45.5235897
2931,9.2046639,45.5230642,9.2046008,45.5229497
2932,9.2045602,45.523055,9.2046639,45.5230642
2933,9.2058435,45.5211756,9.2058625,45.5211639
2934,9.2058625,45.5211639,9.2058858,45.5211504
2935,9.2058858,45.5211504,9.2059292,45.5211484
2936,9.2070901,45.5231816,9.2064752,45.5233465
2937,9.2064563,45.5233133,9.2067661,45.5231135
2938,9.2065866,45.5220617,9.2069459,45.5227145
2939,9.2064945,45.5220874,9.2069459,45.5227145
2940,9.2065706,45.5220341,9.2065866,45.5220617
2941,9.2055007,45.5234723,9.2059189,45.5233551
2942,9.205971,45.5234483,9.2059189,45.5233551
2943,9.2059903,45.5234828,9.205574,45.5235999
2944,9.205574,45.5235999,9.2055007,45.5234723
2945,9.2052745,45.5235357,9.2055007,45.5234723
2946,9.2074796,45.5192112,9.2071354,45.5193092
2947,9.2060327,45.5210826,9.2061626,45.5213197
2948,9.2062534,45.5212955,9.2061626,45.5213197
2949,9.2072735,45.5188472,9.2074796,45.5192112
2950,9.2077454,45.522837,9.2081336,45.522727
2951,9.2085887,45.5227661,9.207823,45.5229793
2952,9.2073169,45.5229585,9.2077454,45.522837
2953,9.2078007,45.5229384,9.2077454,45.522837
2954,9.2074024,45.5218494,9.2075958,45.5219181
2955,9.2050589,45.5267227,9.205261,45.5277937
2956,9.2053883,45.5273182,9.205261,45.5277937
2957,9.205261,45.5277937,9.2052819,45.528309
2958,9.2048126,45.5284385,9.2052819,45.528309
2959,9.2056591,45.5268384,9.2058561,45.5271885
2960,9.2052819,45.528309,9.2058561,45.5271885
2961,9.2040645,45.5272109,9.2039868,45.5270747
2962,9.2040645,45.5272109,9.2039868,45.5270747
2963,9.2058561,45.5271885,9.2053883,45.5273182
2964,9.2052531,45.5263288,9.2048971,45.5264301
2965,9.2049231,45.5264771,9.2048971,45.5264301
2966,9.2050589,45.5267227,9.2049739,45.526569
2967,9.2049739,45.526569,9.2045622,45.5266852
2968,9.2071632,45.5279808,9.2061004,45.5278947
2969,9.2044991,45.5279722,9.2040645,45.5272109
2970,9.2044991,45.5279722,9.2040645,45.5272109
2971,9.2048135,45.528523,9.2044991,45.5279722
2972,9.2048135,45.528523,9.2044991,45.5279722
2973,9.2060099,45.5281847,9.2048423,45.5285144
2974,9.2060099,45.5281847,9.2048423,45.5285144
2975,9.2048423,45.5285144,9.2048135,45.528523
2976,9.2048423,45.5285144,9.2048135,45.528523
2977,9.2072801,45.5279902,9.2071632,45.5279808
2978,9.2073612,45.5279968,9.2072801,45.5279902
2979,9.2039868,45.5270747,9.2038277,45.5268031
2980,9.2039868,45.5270747,9.2038277,45.5268031
2981,9.2088641,45.5268272,9.2086314,45.526405
2982,9.2098931,45.5284647,9.2080535,45.5283266
2983,9.2098931,45.5284647,9.2080535,45.5283266
2984,9.2115759,45.5285375,9.2102098,45.5282216
2985,9.2114428,45.5282995,9.2102098,45.5282216
2986,9.2074738,45.5281892,9.2073897,45.5280454
2987,9.2074738,45.5281892,9.2073897,45.5280454
2988,9.2080721,45.5282367,9.2074738,45.5281892
2989,9.2080721,45.5282367,9.2074738,45.5281892
2990,9.2080535,45.5283266,9.2080721,45.5282367
2991,9.2080535,45.5283266,9.2080721,45.5282367
2992,9.2099604,45.5283814,9.2098931,45.5284647
2993,9.2099604,45.5283814,9.2098931,45.5284647
2994,9.2086071,45.5263615,9.2083225,45.5258523
2995,9.2083225,45.5258523,9.2086071,45.5263615
2996,9.2081907,45.5255637,9.2081907,45.5255637
2997,9.2086314,45.526405,9.208625,45.5263936
2998,9.208625,45.5263936,9.2088641,45.5268272
2999,9.2096528,45.5280319,9.2089367,45.5267302
3000,9.2097492,45.5279616,9.2089367,45.5267302
3001,9.2085487,45.5252728,9.20915,45.5251093
3002,9.209256,45.5257532,9.209198,45.5257481
3003,9.2091474,45.5265777,9.2094582,45.5270672
3004,9.2098341,45.5267972,9.2094582,45.5270672
3005,9.2102951,45.5275542,9.2098341,45.5267972
3006,9.210513,45.5266014,9.2100685,45.526729
3007,9.2098341,45.5267972,9.2100685,45.526729
3008,9.2115759,45.5285375,9.2114428,45.5282995
3009,9.2118557,45.5290295,9.2118035,45.5289377
3010,9.2118557,45.5290295,9.2118035,45.5289377
3011,9.20995,45.5282926,9.2099604,45.5283814
3012,9.20995,45.5282926,9.2099604,45.5283814
3013,9.2099844,45.5282318,9.20995,45.5282926
3014,9.2099844,45.5282318,9.20995,45.5282926
3015,9.2100409,45.5282098,9.2099844,45.5282318
3016,9.2100409,45.5282098,9.2099844,45.5282318
3017,9.2102098,45.5282216,9.2100409,45.5282098
3018,9.2102098,45.5282216,9.2100409,45.5282098
3019,9.2097869,45.5249517,9.2098628,45.524931
3020,9.2103889,45.5260631,9.2097869,45.5249517
3021,9.2046844,45.5239345,9.204922,45.5238636
3022,9.2046844,45.5239345,9.204922,45.5238636
3023,9.2044641,45.5251298,9.204551,45.5246572
3024,9.2044641,45.5251298,9.204551,45.5246572
3025,9.2052539,45.5262417,9.2049489,45.5256782
3026,9.2056412,45.5194298,9.2057699,45.5193941
3027,9.2057699,45.5193941,9.2056787,45.5192259
3028,9.2056787,45.5192259,9.2058249,45.5191855
3029,9.2058249,45.5191855,9.2058468,45.5192244
3030,9.2058468,45.5192244,9.2062519,45.5191107
3031,9.2062519,45.5191107,9.2062612,45.5191286
3032,9.2062612,45.5191286,9.2064294,45.5190786
3033,9.2071138,45.5191552,9.2069127,45.5191044
3034,9.2071138,45.5191552,9.2069127,45.5191044
3035,9.207061,45.5192962,9.2071138,45.5191552
3036,9.2069127,45.5191044,9.2071138,45.5191552
3037,9.2068514,45.5194041,9.207061,45.5192962
3038,9.2071354,45.5193092,9.207061,45.5192962
3039,9.2066489,45.5188738,9.2072735,45.5188472
3040,9.2071138,45.5191552,9.2072735,45.5188472
3041,9.2069127,45.5191044,9.2067557,45.5192372
3042,9.2065633,45.5189019,9.2067557,45.5192372
3043,9.2182687,45.5200931,9.2172791,45.5203716
3044,9.2226697,45.5175946,9.222553,45.517225
3045,9.2224751,45.5172376,9.2223535,45.5172572
3046,9.2227938,45.5175737,9.2227766,45.5175191
3047,9.2226697,45.5175946,9.2227938,45.5175737
3048,9.2227766,45.5175191,9.2227938,45.5175737
3049,9.2091825,45.515962,9.2094218,45.5163877
3050,9.2227116,45.5177335,9.2226697,45.5175946
3051,9.2223535,45.5172572,9.2224993,45.5177432
3052,9.2080252,45.5145435,9.207898,45.5144657
3053,9.2078301,45.514482,9.207898,45.5144657
3054,9.2061389,45.5163134,9.2055971,45.515347
3055,9.2054724,45.5153816,9.2055971,45.515347
3056,9.2091825,45.515962,9.2092183,45.5159499
3057,9.2069998,45.5150506,9.2067001,45.5151264
3058,9.2053546,45.5153166,9.2052779,45.5151815
3059,9.205319,45.5151701,9.2052779,45.5151815
3060,9.2090831,45.515972,9.2091825,45.515962
3061,9.2083954,45.5146325,9.2091825,45.515962
3062,9.2058219,45.5150298,9.2057916,45.5150382
3063,9.205537,45.5152393,9.2054723,45.5151273
3064,9.2055678,45.5151007,9.2054723,45.5151273
3065,9.20761,45.5159818,9.2070734,45.5150319
3066,9.2069159,45.5152293,9.2069159,45.5152293
3067,9.2060273,45.5153387,9.2063943,45.5152505
3068,9.2057808,45.515296,9.2059172,45.5152581
3069,9.2057416,45.5152283,9.2057808,45.515296
3070,9.2056887,45.5153215,9.2057808,45.515296
3071,9.205971,45.5152432,9.2060273,45.5153387
3072,9.2054026,45.5154009,9.2054724,45.5153816
3073,9.2056962,45.5159172,9.2054026,45.5154009
3074,9.2053614,45.5154124,9.2054026,45.5154009
3075,9.2092183,45.5159499,9.2094957,45.5158734
3076,9.209329,45.5164131,9.2094218,45.5163877
3077,9.2094674,45.5163767,9.2097135,45.5163016
3078,9.2094218,45.5163877,9.2094674,45.5163767
3079,9.2106944,45.517198,9.2105879,45.5172234
3080,9.2100434,45.5173766,9.2105879,45.5172234
3081,9.2106138,45.5172466,9.2104668,45.5172865
3082,9.2100077,45.5173878,9.2100434,45.5173766
3083,9.2075742,45.5184187,9.2076895,45.5183861
3084,9.2071802,45.5185304,9.2072432,45.5185125
3085,9.2107659,45.5172045,9.2106138,45.5172466
3086,9.2094218,45.5163877,9.2099676,45.5173971
3087,9.2098809,45.517433,9.2099676,45.5173971
3088,9.2076752,45.5186099,9.2077972,45.5185757
3089,9.2073088,45.5187112,9.2073493,45.5187005
3090,9.2135221,45.5109011,9.2133888,45.5107224
3091,9.2152811,45.5115878,9.2159975,45.512229
3092,9.2119686,45.5136124,9.2120445,45.5137484
3093,9.214928,45.5188886,9.2149507,45.5189247
3094,9.2151975,45.5188555,9.2149507,45.5189247
3095,9.2145019,45.518965,9.214928,45.5188886
3096,9.214308,45.5190625,9.214928,45.5188886
3097,9.2136763,45.5175328,9.2145019,45.518965
3098,9.2141661,45.5172412,9.2136763,45.5175328
3099,9.2169854,45.5133553,9.2173376,45.5138534
3100,9.2115248,45.514166,9.211435,45.5140015
3101,9.2113644,45.514021,9.211435,45.5140015
3102,9.2120739,45.5138012,9.2116229,45.5139693
3103,9.2117731,45.5139279,9.2116229,45.5139693
3104,9.2117423,45.5132238,9.2112678,45.5133204
3105,9.2113402,45.5133002,9.2112678,45.5133204
3106,9.2105976,45.5135424,9.2106217,45.5135849
3107,9.2109177,45.5141191,9.2108941,45.5140769
3108,9.2120445,45.5137484,9.2120523,45.5137624
3109,9.2118324,45.5133824,9.2117741,45.5132798
3110,9.2057035,45.5069423,9.2062609,45.5086161
3111,9.2062609,45.5086161,9.2052076,45.5084879
3112,9.2053692,45.5083474,9.2052204,45.5084574
3113,9.2055007,45.5078267,9.2054336,45.5082863
3114,9.2052204,45.5084574,9.205156,45.5084593
3115,9.2054336,45.5082863,9.2053692,45.5083474
3116,9.205156,45.5084593,9.2055007,45.5078267
3117,9.2058118,45.5066444,9.2057187,45.5068566
3118,9.2117808,45.5147951,9.2118092,45.5148453
3119,9.2136428,45.515709,9.213679,45.5157718
3120,9.2137174,45.5157615,9.213679,45.5157718
3121,9.213797,45.5161738,9.213584,45.5157972
3122,9.2134915,45.5158216,9.213584,45.5157972
3123,9.2217012,45.5138964,9.2214657,45.5139312
3124,9.2210076,45.5139822,9.2214657,45.5139312
3125,9.2214709,45.5139489,9.2214657,45.5139312
3126,9.2193898,45.5134434,9.220855,45.5139108
3127,9.219887,45.5141063,9.219762,45.5141246
3128,9.2202669,45.5143388,9.2202669,45.5143388
3129,9.2144603,45.5108381,9.2144403,45.510844
3130,9.2141661,45.5172412,9.213889,45.517283
3131,9.213889,45.517283,9.2137824,45.5173149
3132,9.2143815,45.5134744,9.2144641,45.5134401
3133,9.2145676,45.5135696,9.2144641,45.5134401
3134,9.2144641,45.5134401,9.2141602,45.5130847
3135,9.2233471,45.5211802,9.2229918,45.521452
3136,9.2228567,45.5213016,9.2229234,45.5212795
3137,9.2229918,45.521452,9.2229234,45.5212795
3138,9.2229234,45.5212795,9.2233471,45.5211802
3139,9.2229234,45.5212795,9.2233471,45.5211802
3140,9.2238894,45.521796,9.2236957,45.5221538
3141,9.2220809,45.5213116,9.2228066,45.5211725
3142,9.2228195,45.5212071,9.2228066,45.5211725
3143,9.2228567,45.5213016,9.2228227,45.5212155
3144,9.2221191,45.5213462,9.2228227,45.5212155
3145,9.224545,45.5085876,9.2247387,45.5085957
3146,9.2241711,45.5085618,9.224545,45.5085876
3147,9.2235329,45.5082263,9.223707,45.5083322
3148,9.2240935,45.5097148,9.223707,45.5083322
3149,9.2165138,45.5208892,9.2169024,45.5207855
3150,9.2168372,45.5209023,9.2169024,45.5207855
3151,9.2147262,45.5213839,9.2164351,45.5209126
3152,9.2236709,45.5082453,9.2235582,45.5081759
3153,9.2235582,45.5081759,9.2235832,45.508155
3154,9.2235832,45.508155,9.2236977,45.5082249
3155,9.2236977,45.5082249,9.2236709,45.5082453
3156,9.2237016,45.5082642,9.2237275,45.5082431
3157,9.2238098,45.5083309,9.2237016,45.5082642
3158,9.2238373,45.5083102,9.2238098,45.5083309
3159,9.2237275,45.5082431,9.2238373,45.5083102
3160,9.2145371,45.5221357,9.2146387,45.5223179
3161,9.2152134,45.522221,9.2149195,45.5223056
3162,9.2149317,45.52233,9.2149195,45.5223056
3163,9.2146707,45.5224176,9.2147129,45.5224512
3164,9.2146387,45.5223179,9.2146197,45.5223368
3165,9.2228728,45.5064102,9.2230177,45.5068727
3166,9.2038197,45.5175358,9.2036285,45.5173211
3167,9.2036285,45.5173211,9.2031889,45.5173577
3168,9.2031889,45.5173577,9.2034175,45.516936
3169,9.2036285,45.5173211,9.2034175,45.516936
3170,9.203175,45.5160418,9.2036375,45.5168567
3171,9.2035429,45.5168834,9.2036375,45.5168567
3172,9.2106211,45.513507,9.2106211,45.513507
3173,9.2164351,45.5209126,9.2165138,45.5208892
3174,9.216496,45.5208547,9.2165138,45.5208892
3175,9.2172002,45.5219052,9.2176352,45.5224192
3176,9.2175672,45.5224444,9.2176352,45.5224192
3177,9.2120486,45.5271759,9.2122973,45.5280534
3178,9.2135363,45.5220599,9.2135363,45.5220599
3179,9.2075958,45.5219181,9.2077841,45.5220533
3180,9.2079156,45.5222935,9.208033,45.5225082
3181,9.2075362,45.5226157,9.208033,45.5225082
3182,9.207042,45.5219152,9.2075362,45.5226157
3183,9.2074118,45.522391,9.2075362,45.5226157
3184,9.207042,45.5219152,9.2071321,45.5218854
3185,9.2068794,45.5213052,9.2071321,45.5218854
3186,9.2071321,45.5218854,9.2074118,45.522391
3187,9.2074118,45.522391,9.2079156,45.5222935
3188,9.2077841,45.5220533,9.2079156,45.5222935
3189,9.2079431,45.5223115,9.2079431,45.5223115
3190,9.2072757,45.5218358,9.2074024,45.5218494
3191,9.2075375,45.5216469,9.2074024,45.5218494
3192,9.2075023,45.5216843,9.2075023,45.5216843
3193,9.2077841,45.5220533,9.207854,45.5218484
3194,9.2075958,45.5219181,9.207854,45.5218484
3195,9.2077063,45.5214812,9.2071413,45.5207943
3196,9.2064425,45.5207865,9.2071413,45.5207943
3197,9.2078982,45.5218312,9.2077063,45.5214812
3198,9.2075375,45.5216469,9.2077063,45.5214812
3199,9.2072757,45.5218358,9.2075375,45.5216469
3200,9.208769,45.5227181,9.2085887,45.5227661
3201,9.2085927,45.522715,9.2085887,45.5227661
3202,9.2068013,45.5213268,9.2068794,45.5213052
3203,9.2069459,45.5227145,9.2069911,45.5227935
3204,9.2064752,45.5233465,9.2063742,45.5233749
3205,9.2063513,45.5233365,9.2063742,45.5233749
3206,9.211435,45.5140015,9.2112066,45.5140401
3207,9.2120021,45.5126327,9.2127956,45.5123904
3208,9.2127956,45.5123904,9.2127467,45.5123001
3209,9.2183648,45.5048675,9.2183645,45.5040143
3210,9.2183645,45.5040143,9.2183532,45.5037233
3211,9.2195604,45.5069323,9.2187102,45.505452
3212,9.2208188,45.5104065,9.2207947,45.5104062
3213,9.2207643,45.5101344,9.2207518,45.5100273
3214,9.2207895,45.5103463,9.2207643,45.5101344
3215,9.2137881,45.5234793,9.2146511,45.5232471
3216,9.2149226,45.5232451,9.2147526,45.5231489
3217,9.2146511,45.5232471,9.2147526,45.5231489
3218,9.2098028,45.5162667,9.210149,45.5161722
3219,9.2099112,45.5157543,9.210149,45.5161722
3220,9.2102106,45.5156555,9.2102184,45.5156675
3221,9.2104176,45.5160162,9.2104524,45.5160799
3222,9.2102184,45.5156675,9.210261,45.5157447
3223,9.2095647,45.5158478,9.2099112,45.5157543
3224,9.2092675,45.5146232,9.2099112,45.5157543
3225,9.210261,45.5157447,9.2104176,45.5160162
3226,9.2099278,45.5157318,9.2102106,45.5156555
3227,9.2101837,45.5161727,9.2107659,45.5172045
3228,9.2104524,45.5160799,9.2104633,45.5160973
3229,9.2133096,45.5236516,9.2131935,45.5236749
3230,9.2132832,45.5238359,9.2131935,45.5236749
3231,9.2132339,45.5235255,9.2133096,45.5236516
3232,9.2134502,45.5236394,9.2133096,45.5236516
3233,9.2167537,45.5213457,9.2173986,45.522444
3234,9.215672,45.5230902,9.2173661,45.5226178
3235,9.2174141,45.5224902,9.2173661,45.5226178
3236,9.2175662,45.5225597,9.2173661,45.5226178
3237,9.2216079,45.5230199,9.2205938,45.5234109
3238,9.2200929,45.524469,9.2211329,45.524092
3239,9.2205938,45.5234109,9.2211329,45.524092
3240,9.2211329,45.524092,9.2211964,45.5240833
3241,9.2211964,45.5240833,9.2222902,45.5255492
3242,9.2166739,45.5213357,9.2172809,45.5223947
3243,9.2171914,45.5224216,9.2172809,45.5223947
3244,9.2146459,45.5213197,9.2144403,45.5213769
3245,9.2143676,45.5213018,9.2143009,45.5211825
3246,9.2143259,45.5211751,9.2143009,45.5211825
3247,9.2140819,45.5217926,9.2141576,45.521646
3248,9.2143719,45.5215819,9.2141576,45.521646
3249,9.2139783,45.5215975,9.2141059,45.5215614
3250,9.2141576,45.521646,9.2141059,45.5215614
3251,9.2144258,45.5216798,9.2144952,45.5217943
3252,9.2141059,45.5215614,9.2143262,45.5214991
3253,9.2147297,45.521618,9.2145073,45.52154
3254,9.2147704,45.5214602,9.2145073,45.52154
3255,9.2145073,45.52154,9.2144624,45.5214606
3256,9.2143262,45.5214991,9.2144624,45.5214606
3257,9.2152648,45.5231471,9.2150535,45.5232076
3258,9.2150296,45.5231685,9.2150535,45.5232076
3259,9.2153967,45.5231093,9.2152648,45.5231471
3260,9.2152445,45.5231083,9.2151264,45.5228832
3261,9.215647,45.5230365,9.2153967,45.5231093
3262,9.215377,45.5230712,9.2153967,45.5231093
3263,9.2212674,45.522477,9.2191109,45.5202436
3264,9.2190803,45.5202644,9.2191109,45.5202436
3265,9.2218707,45.5230367,9.2217591,45.5229236
3266,9.2217887,45.5230584,9.2217591,45.5229236
3267,9.2212413,45.5224899,9.2217591,45.5229236
3268,9.2219777,45.5230559,9.2218269,45.5228982
3269,9.2217591,45.5229236,9.2218269,45.5228982
3270,9.2216079,45.5230199,9.2217887,45.5230584
3271,9.2217887,45.5230584,9.2218707,45.5230367
3272,9.2220457,45.5232042,9.2218707,45.5230367
3273,9.2077544,45.5078336,9.2075008,45.5083593
3274,9.2228056,45.5143353,9.2223429,45.5144038
3275,9.2223429,45.5144038,9.2222108,45.5139916
3276,9.2222108,45.5139916,9.223463,45.5138036
3277,9.223463,45.5138036,9.2235924,45.5142222
3278,9.2235924,45.5142222,9.2231253,45.5142905
3279,9.2231253,45.5142905,9.2228056,45.5143353
3280,9.2227196,45.5140856,9.2228868,45.5140676
3281,9.2230568,45.5140442,9.2228868,45.5140676
3282,9.2236014,45.5142805,9.2229637,45.5143714
3283,9.2229521,45.5143256,9.2229637,45.5143714
3284,9.220644,45.5071652,9.2206429,45.5073225
3285,9.2212455,45.5076177,9.2212045,45.5071104
3286,9.2035908,45.521342,9.2027144,45.5215898
3287,9.2031827,45.522361,9.2032379,45.5224528
3288,9.2115489,45.5180425,9.2116052,45.5181451
3289,9.2119561,45.5185974,9.2122033,45.5185301
3290,9.2122033,45.5185301,9.2126414,45.5193017
3291,9.2109797,45.5191191,9.2108728,45.5191442
3292,9.2110032,45.5191613,9.2109797,45.5191191
3293,9.2110286,45.5192077,9.2110032,45.5191613
3294,9.211944,45.5193772,9.2110286,45.5192077
3295,9.2107535,45.5189336,9.2116912,45.5187077
3296,9.2103522,45.5184154,9.2106609,45.5189657
3297,9.2108728,45.5191442,9.2107535,45.5189336
3298,9.2107325,45.5189409,9.2107535,45.5189336
3299,9.2116912,45.5187077,9.2123085,45.5193951
3300,9.2126414,45.5193017,9.2123085,45.5193951
3301,9.2130327,45.523712,9.2122772,45.5238932
3302,9.2130822,45.5237006,9.2130327,45.523712
3303,9.2131204,45.5235572,9.2128249,45.5230814
3304,9.2128249,45.5230814,9.2127386,45.5231049
3305,9.2100604,45.5224491,9.2104535,45.5231352
3306,9.2107501,45.5230614,9.2109457,45.5230127
3307,9.2105802,45.5231037,9.2107501,45.5230614
3308,9.2107501,45.5230614,9.2110004,45.523531
3309,9.2105756,45.5233396,9.2115164,45.5250103
3310,9.2119249,45.5249289,9.2120577,45.5248983
3311,9.2120577,45.5248983,9.2136734,45.5248446
3312,9.2115681,45.5249986,9.2115865,45.5249945
3313,9.2120577,45.5248983,9.2118117,45.5252837
3314,9.2115865,45.5249945,9.2119249,45.5249289
3315,9.2119249,45.5249289,9.2118395,45.5251162
3316,9.2169489,45.5244874,9.2161138,45.5247951
3317,9.2178224,45.5227746,9.2161138,45.5247951
3318,9.2178966,45.5227512,9.2182363,45.5226384
3319,9.2203579,45.5232592,9.2193059,45.521776
3320,9.2176352,45.5224192,9.2193059,45.521776
3321,9.2239632,45.5104508,9.2229501,45.5104365
3322,9.2229487,45.5104676,9.2229501,45.5104365
3323,9.2229299,45.5109081,9.2229407,45.5106565
3324,9.2229407,45.5106565,9.2229481,45.5104822
3325,9.2229407,45.5106565,9.221349,45.5115624
3326,9.2027954,45.5217173,9.2031827,45.522361
3327,9.2033177,45.5223988,9.2035348,45.5224595
3328,9.2031827,45.522361,9.2033177,45.5223988
3329,9.2033177,45.5223988,9.2034689,45.522132
3330,9.2035348,45.5224595,9.2037111,45.5221899
3331,9.2027493,45.5216406,9.2027954,45.5217173
3332,9.2029959,45.5216642,9.2027954,45.5217173
3333,9.2037111,45.5221899,9.2029959,45.5216642
3334,9.2029959,45.5216642,9.2032008,45.5219872
3335,9.211151,45.5266175,9.2110439,45.5266457
3336,9.2110072,45.5265809,9.2110439,45.5266457
3337,9.2105874,45.5258416,9.210944,45.5264698
3338,9.2110235,45.526451,9.210944,45.5264698
3339,9.2134698,45.5194747,9.2137794,45.5200069
3340,9.2126083,45.520325,9.2123868,45.5203168
3341,9.2123868,45.5203168,9.2121399,45.5198671
3342,9.2128337,45.5196698,9.2130144,45.5196196
3343,9.2132543,45.5200413,9.2133075,45.5201351
3344,9.2136833,45.5200348,9.2133075,45.5201351
3345,9.2121399,45.5198671,9.2123183,45.5198164
3346,9.2127874,45.5202764,9.2126083,45.520325
3347,9.2123183,45.5198164,9.2126083,45.520325
3348,9.2129477,45.5202328,9.2127874,45.5202764
3349,9.2127874,45.5202764,9.2125108,45.5197616
3350,9.2123183,45.5198164,9.2125108,45.5197616
3351,9.2125108,45.5197616,9.2126595,45.5197194
3352,9.2131155,45.5201872,9.2129477,45.5202328
3353,9.2126595,45.5197194,9.2129477,45.5202328
3354,9.2133075,45.5201351,9.2131155,45.5201872
3355,9.2131155,45.5201872,9.2128337,45.5196698
3356,9.2126595,45.5197194,9.2128337,45.5196698
3357,9.2130551,45.5196901,9.2132543,45.5200413
3358,9.2132543,45.5200413,9.2130551,45.5196901
3359,9.2130144,45.5196196,9.2130551,45.5196901
3360,9.2131416,45.5058648,9.2124016,45.5069941
3361,9.2125798,45.5072421,9.2124016,45.5069941
3362,9.2126793,45.5071025,9.2129364,45.5072706
3363,9.2130683,45.5073112,9.2133461,45.5071403
3364,9.214177,45.5041836,9.2133461,45.5071403
3365,9.2133461,45.5071403,9.2134475,45.5071336
3366,9.2134475,45.5071336,9.2135079,45.5071533
3367,9.2135079,45.5071533,9.2135933,45.5071801
3368,9.2129364,45.5072706,9.2125798,45.5072421
3369,9.2125798,45.5072421,9.2126793,45.5071025
3370,9.2124016,45.5069941,9.2126793,45.5071025
3371,9.2129364,45.5072706,9.2130683,45.5073112
3372,9.2130683,45.5073112,9.2131416,45.5058648
3373,9.2140454,45.5041649,9.2131416,45.5058648
3374,9.2131416,45.5058648,9.2121589,45.5066949
3375,9.2197523,45.5067977,9.2197141,45.5067255
3376,9.2197775,45.506791,9.2197523,45.5067977
3377,9.2198295,45.5066972,9.21987,45.5067666
3378,9.2197516,45.5066638,9.2198295,45.5066972
3379,9.212404,45.5218027,9.2133714,45.5216673
3380,9.2144105,45.5213863,9.2133714,45.5216673
3381,9.214154,45.5231034,9.214154,45.5231034
3382,9.2139143,45.5226505,9.213581,45.5231061
3383,9.213581,45.5231061,9.2137881,45.5234793
3384,9.2134181,45.5235788,9.2137881,45.5234793
3385,9.2138854,45.5225983,9.2139143,45.5226505
3386,9.213581,45.5231061,9.2139143,45.5226505
3387,9.2147526,45.5231489,9.2143675,45.5224687
3388,9.2143675,45.5224687,9.2138854,45.5225983
3389,9.2133714,45.5216673,9.2138854,45.5225983
3390,9.2127386,45.5231049,9.2125805,45.5230761
3391,9.2164493,45.5165037,9.2167551,45.5170367
3392,9.2192072,45.520178,9.2192493,45.5201493
3393,9.2192321,45.5202201,9.2191832,45.5201943
3394,9.2191109,45.5202436,9.2191832,45.5201943
3395,9.2190342,45.5200253,9.2192072,45.520178
3396,9.2191832,45.5201943,9.2192072,45.520178
3397,9.2218269,45.5228982,9.2213737,45.5224246
3398,9.2213016,45.5224602,9.2213737,45.5224246
3399,9.2116015,45.5130877,9.2116015,45.5130877
3400,9.2121084,45.5139587,9.2121084,45.5139587
3401,9.2109994,45.5141328,9.2109994,45.5141328
3402,9.2180359,45.5030151,9.2202954,45.5036202
3403,9.2207752,45.5067745,9.2206949,45.5067755
3404,9.2207008,45.5056332,9.2206949,45.5067755
3405,9.2204994,45.5071154,9.2203596,45.5073675
3406,9.2200214,45.5072888,9.2200273,45.5072798
3407,9.2203596,45.5073675,9.2200273,45.5072798
3408,9.2204895,45.5054925,9.2204931,45.5055372
3409,9.2204962,45.5054597,9.2204895,45.5054925
3410,9.2205312,45.5055918,9.2205568,45.5056087
3411,9.2028154,45.5079573,9.2020499,45.5081949
3412,9.2024886,45.5257749,9.2035712,45.52421
3413,9.2035712,45.52421,9.2037796,45.5241473
3414,9.2038046,45.5241034,9.2037796,45.5241473
3415,9.2044167,45.5228408,9.2045302,45.5230277
3416,9.2059214,45.5211078,9.2045302,45.5230277
3417,9.2060743,45.5106984,9.2062229,45.5108831
3418,9.2079265,45.510091,9.207879,45.5100772
3419,9.2080535,45.5101463,9.2080242,45.5101193
3420,9.2080905,45.5102208,9.2081912,45.5103371
3421,9.208269,45.5099688,9.2082641,45.509959
3422,9.2083329,45.5097155,9.2082641,45.509959
3423,9.2082821,45.509993,9.208269,45.5099688
3424,9.2083099,45.5100445,9.2082986,45.5100236
3425,9.2084001,45.510277,9.2083099,45.5100445
3426,9.2085057,45.5103421,9.2084957,45.5103223
3427,9.2084259,45.5103258,9.2084957,45.5103223
3428,9.2085141,45.5103587,9.2085057,45.5103421
3429,9.2085336,45.5103971,9.2085275,45.5103851
3430,9.2084956,45.5104651,9.2085336,45.5103971
3431,9.2085602,45.5104496,9.2085336,45.5103971
3432,9.209321,45.5117747,9.2093072,45.5117473
3433,9.2092763,45.5117562,9.2093072,45.5117473
3434,9.2093452,45.5118228,9.2093306,45.5117937
3435,9.2093815,45.5118947,9.2093615,45.511855
3436,9.2093551,45.5119019,9.2093815,45.5118947
3437,9.2101059,45.5131817,9.2100833,45.5131407
3438,9.2100651,45.5131456,9.2100833,45.5131407
3439,9.2101202,45.5132076,9.2101059,45.5131817
3440,9.210161,45.5132815,9.2101379,45.5132396
3441,9.2102322,45.5133211,9.2102078,45.5132693
3442,9.210161,45.5132815,9.2102078,45.5132693
3443,9.2104633,45.5137652,9.2102322,45.5133211
3444,9.2103493,45.5138464,9.210393,45.5138412
3445,9.2104442,45.5138095,9.210393,45.5138412
3446,9.21023,45.5138543,9.2102845,45.5138517
3447,9.210168,45.5138571,9.2102009,45.5138556
3448,9.2100507,45.513311,9.2100886,45.513301
3449,9.2099413,45.5133418,9.2099904,45.5133276
3450,9.2098848,45.5133581,9.2099183,45.5133485
3451,9.2097913,45.5132197,9.2098757,45.5133608
3452,9.2099728,45.5131706,9.2100113,45.5131602
3453,9.2098618,45.5132006,9.209908,45.5131881
3454,9.2098042,45.5132162,9.2098405,45.5132064
3455,9.2095483,45.5133049,9.2097913,45.5132197
3456,9.2095805,45.5128516,9.2097913,45.5132197
3457,9.2092644,45.5119266,9.2093049,45.5119156
3458,9.209166,45.5119549,9.2092053,45.5119433
3459,9.2090985,45.5119746,9.2091344,45.5119641
3460,9.2090508,45.511908,9.2090917,45.5119767
3461,9.2099715,45.5135281,9.2101492,45.513858
3462,9.2101438,45.5138878,9.2101492,45.513858
3463,9.2090917,45.5119767,9.2095805,45.5128516
3464,9.2095945,45.5128474,9.2095805,45.5128516
3465,9.2084259,45.5103258,9.2084001,45.510277
3466,9.2083721,45.5102851,9.2084001,45.510277
3467,9.2083359,45.5102955,9.2083721,45.5102851
3468,9.2082419,45.5103225,9.2082804,45.5103114
3469,9.2081912,45.5103371,9.2082113,45.5103313
3470,9.2118289,45.5148814,9.2118461,45.5149131
3471,9.2119659,45.5151296,9.2117465,45.515189
3472,9.2207903,45.5103561,9.2207895,45.5103463
3473,9.204251,45.507432,9.2046936,45.5071486
3474,9.2042222,45.5074273,9.204251,45.507432
3475,9.2041703,45.5074518,9.2042222,45.5074273
3476,9.2042135,45.5074127,9.2042222,45.5074273
3477,9.2041318,45.5072648,9.2042135,45.5074127
3478,9.2124336,45.5134274,9.2124264,45.513414
3479,9.2126661,45.5139896,9.2127278,45.5139745
3480,9.2127833,45.5139924,9.2127278,45.5139745
3481,9.2139177,45.5136799,9.2127833,45.5139924
3482,9.2124264,45.513414,9.2124117,45.5133875
3483,9.2123981,45.5134379,9.2124117,45.5133875
3484,9.2134206,45.5130098,9.2123649,45.5133036
3485,9.2124117,45.5133875,9.2123649,45.5133036
3486,9.2120232,45.5126716,9.2120516,45.5127238
3487,9.2120462,45.5127555,9.2120516,45.5127238
3488,9.2120516,45.5127238,9.21207,45.5127187
3489,9.2123402,45.5133422,9.2136674,45.5130661
3490,9.2136324,45.5131252,9.2136674,45.5130661
3491,9.2136301,45.5131286,9.2136324,45.5131252
3492,9.2124117,45.5133875,9.2136324,45.5131252
3493,9.2124264,45.513414,9.2136301,45.5131286
3494,9.2136674,45.5130661,9.2136706,45.5130604
3495,9.2136586,45.513015,9.2134206,45.5130098
3496,9.2135787,45.5129063,9.2136586,45.513015
3497,9.2136706,45.5130604,9.2136586,45.513015
3498,9.213801,45.5130414,9.2135787,45.5129063
3499,9.2131846,45.5124069,9.2135787,45.5129063
3500,9.2136586,45.513015,9.213781,45.5130473
3501,9.2142173,45.5135458,9.213801,45.5130414
3502,9.213781,45.5130473,9.213801,45.5130414
3503,9.2138352,45.5130305,9.2138898,45.5130119
3504,9.2120476,45.5172076,9.2120266,45.5171625
3505,9.2101048,45.5177487,9.2120476,45.5172076
3506,9.2100538,45.5177402,9.2101048,45.5177487
3507,9.2099791,45.5177594,9.2100538,45.5177402
3508,9.2098809,45.517433,9.2100538,45.5177402
3509,9.2083408,45.5146112,9.2082931,45.5146311
3510,9.2082237,45.5146385,9.2082931,45.5146311
3511,9.2055078,45.5098083,9.205553,45.5097944
3512,9.2055265,45.5097426,9.205553,45.5097944
3513,9.2052975,45.5096477,9.2052375,45.5096654
3514,9.2055574,45.5102281,9.2052375,45.5096654
3515,9.205858,45.5104304,9.205921,45.5104111
3516,9.2057765,45.5101893,9.205921,45.5104111
3517,9.2054451,45.5096053,9.2055265,45.5097426
3518,9.205469,45.5095888,9.2054451,45.5096053
3519,9.205433,45.5095261,9.205469,45.5095888
3520,9.2063747,45.5093404,9.205469,45.5095888
3521,9.204719,45.5107533,9.2047484,45.510759
3522,9.2047484,45.510759,9.2056563,45.5105068
3523,9.2056563,45.5105068,9.2056982,45.5104794
3524,9.2049509,45.5088285,9.2050008,45.5088161
3525,9.2043097,45.5075896,9.2050008,45.5088161
3526,9.2050008,45.5088161,9.2054094,45.509485
3527,9.2048166,45.5089636,9.2048495,45.5090159
3528,9.2052375,45.5096654,9.2048495,45.5090159
3529,9.2048991,45.5089408,9.2048166,45.5089636
3530,9.2047713,45.5088917,9.2048166,45.5089636
3531,9.2047789,45.5088714,9.2047713,45.5088917
3532,9.2044343,45.5082576,9.2047789,45.5088714
3533,9.2042574,45.5076075,9.2043097,45.5075896
3534,9.2043189,45.5075698,9.2043097,45.5075896
3535,9.2042832,45.5074973,9.2043189,45.5075698
3536,9.205564,45.5069296,9.2043189,45.5075698
3537,9.2040642,45.5076528,9.2040992,45.5076615
3538,9.2040316,45.5076025,9.2040642,45.5076528
3539,9.2040215,45.5075222,9.2039963,45.5075479
3540,9.2036412,45.5068475,9.2040215,45.5075222
3541,9.2036811,45.5067847,9.2036189,45.5068022
3542,9.2036412,45.5068475,9.2036189,45.5068022
3543,9.2021292,45.5051274,9.2035988,45.5067615
3544,9.2036189,45.5068022,9.2035988,45.5067615
3545,9.2100833,45.5131407,9.210925,45.5129156
3546,9.2109118,45.5128939,9.210925,45.5129156
3547,9.2110191,45.5114677,9.210232,45.5116928
3548,9.2100833,45.5131407,9.2094216,45.5118838
3549,9.2093815,45.5118947,9.2094216,45.5118838
3550,9.210232,45.5116928,9.2094216,45.5118838
3551,9.2117144,45.5126828,9.2110191,45.5114677
3552,9.2110005,45.5114408,9.2110191,45.5114677
3553,9.2102156,45.5099718,9.2109546,45.5112757
3554,9.2109246,45.5112837,9.2109546,45.5112757
3555,9.2125788,45.5117164,9.2116308,45.5119682
3556,9.2116494,45.5120019,9.2116308,45.5119682
3557,9.2111045,45.5112353,9.2112007,45.5112094
3558,9.2112961,45.5113607,9.2112007,45.5112094
3559,9.2111917,45.5113891,9.2112961,45.5113607
3560,9.2116308,45.5119682,9.2112961,45.5113607
3561,9.2106604,45.5102839,9.2107007,45.5103524
3562,9.2112007,45.5112094,9.2107007,45.5103524
3563,9.2107007,45.5103524,9.2112673,45.5101998
3564,9.2118873,45.5100385,9.2127528,45.5116147
3565,9.2127791,45.5116613,9.2127528,45.5116147
3566,9.2131252,45.5123039,9.2131406,45.5122849
3567,9.2119844,45.5126011,9.2120021,45.5126327
3568,9.2117112,45.5126999,9.2117144,45.5126828
3569,9.2118361,45.5127234,9.2117396,45.5127506
3570,9.2117112,45.5126999,9.2117396,45.5127506
3571,9.210925,45.5129156,9.2117112,45.5126999
3572,9.2117765,45.5128164,9.211795,45.5128339
3573,9.2109923,45.5130426,9.2117765,45.5128164
3574,9.2117396,45.5127506,9.2117765,45.5128164
3575,9.2060226,45.5106014,9.2060743,45.5106984
3576,9.2120557,45.5133782,9.2120968,45.5133669
3577,9.2199995,45.5101829,9.2195662,45.5101786
3578,9.2120881,45.51335,9.2120968,45.5133669
3579,9.2118458,45.5134059,9.2118324,45.5133824
3580,9.2120406,45.5133281,9.2118324,45.5133824
3581,9.212196,45.513353,9.2121616,45.513294
3582,9.2055609,45.5124961,9.2053493,45.5121219
3583,9.2064979,45.514182,9.2065108,45.5141618
3584,9.205401,45.5140923,9.2064979,45.514182
3585,9.2049602,45.513312,9.205401,45.5140923
3586,9.2052895,45.5120624,9.2053173,45.5121091
3587,9.2053493,45.5121219,9.2053173,45.5121091
3588,9.2066561,45.5141892,9.2077441,45.5142484
3589,9.2065798,45.5141748,9.2066561,45.5141892
3590,9.206431,45.5137982,9.2066561,45.5141892
3591,9.2054095,45.5121056,9.2054716,45.5120887
3592,9.2054878,45.5120677,9.2054716,45.5120887
3593,9.2054571,45.5120167,9.2054878,45.5120677
3594,9.2061586,45.5118794,9.2054878,45.5120677
3595,9.2043973,45.5123135,9.2044224,45.51236
3596,9.2053173,45.5121091,9.2044224,45.51236
3597,9.2042099,45.5120183,9.2042308,45.5120532
3598,9.2039795,45.5117045,9.204027,45.5116907
3599,9.2040008,45.5116436,9.204027,45.5116907
3600,9.2039523,45.5116576,9.2040008,45.5116436
3601,9.203962,45.5115736,9.2040008,45.5116436
3602,9.2045956,45.5107883,9.2045801,45.5108118
3603,9.2046142,45.5108702,9.2046538,45.5109378
3604,9.204684,45.5109381,9.2046538,45.5109378
3605,9.2047385,45.510923,9.204684,45.5109381
3606,9.2052775,45.5119988,9.204684,45.5109381
3607,9.2053409,45.5119822,9.2052775,45.5119988
3608,9.2052677,45.5120259,9.2052775,45.5119988
3609,9.2043768,45.5122755,9.2052677,45.5120259
3610,9.2042308,45.5120532,9.2043768,45.5122755
3611,9.204027,45.5116907,9.2042099,45.5120183
3612,9.2041832,45.5119687,9.2042099,45.5120183
3613,9.2037754,45.5112197,9.203962,45.5115736
3614,9.2039113,45.5115873,9.203962,45.5115736
3615,9.2037399,45.5111219,9.2037757,45.5111841
3616,9.2038656,45.5111563,9.2037757,45.5111841
3617,9.2046948,45.5108469,9.2047385,45.510923
3618,9.204802,45.5109053,9.2047385,45.510923
3619,9.2047484,45.510759,9.2047795,45.5108187
3620,9.2054323,45.5119755,9.2054054,45.5119653
3621,9.2063758,45.511713,9.2054323,45.5119755
3622,9.2060625,45.5111352,9.2063758,45.511713
3623,9.204802,45.5109053,9.2048129,45.5108829
3624,9.2047795,45.5108187,9.2048129,45.5108829
3625,9.2054054,45.5119653,9.204802,45.5109053
3626,9.2048129,45.5108829,9.2057308,45.5106411
3627,9.2056907,45.5105688,9.2057308,45.5106411
3628,9.2036025,45.5110506,9.2036592,45.5110349
3629,9.2037026,45.5110571,9.2036592,45.5110349
3630,9.2040032,45.5109735,9.2037026,45.5110571
3631,9.2045782,45.510514,9.204719,45.5107533
3632,9.2035777,45.5094059,9.2036212,45.5093787
3633,9.2036276,45.5093582,9.2036212,45.5093787
3634,9.2035693,45.5093058,9.2036276,45.5093582
3635,9.2048495,45.5090159,9.2036276,45.5093582
3636,9.2028716,45.5080728,9.2035064,45.5092497
3637,9.2047713,45.5088917,9.2035064,45.5092497
3638,9.2028205,45.508089,9.2028716,45.5080728
3639,9.2028792,45.5080547,9.2028716,45.5080728
3640,9.2046555,45.5107713,9.2045956,45.5107883
3641,9.2035285,45.5094368,9.2045956,45.5107883
3642,9.202752,45.5081107,9.2035285,45.5094368
3643,9.2028468,45.5080053,9.2028154,45.5079573
3644,9.203273,45.5078004,9.2028154,45.5079573
3645,9.2040642,45.5076528,9.2028792,45.5080547
3646,9.2036189,45.5068022,9.2035439,45.5077064
3647,9.2036073,45.5076836,9.2035439,45.5077064
3648,9.2035439,45.5077064,9.203483,45.5077284
3649,9.2035988,45.5067615,9.203483,45.5077284
3650,9.2099355,45.5094688,9.2092222,45.5087459
3651,9.2092027,45.5087633,9.209945,45.5094914
3652,9.2099311,45.5094974,9.209945,45.5094914
3653,9.2082641,45.509959,9.2099054,45.5095085
3654,9.2084957,45.5103223,9.2088289,45.5102173
3655,9.2088662,45.5102073,9.2097082,45.5099775
3656,9.2097548,45.5099638,9.2101056,45.5098604
3657,9.2099226,45.5095376,9.2099483,45.5095788
3658,9.2122174,45.5135574,9.2122084,45.5135427
3659,9.2101391,45.5098295,9.2099483,45.5095788
3660,9.2095641,45.5096383,9.2095931,45.5096879
3661,9.2099483,45.5095788,9.2095931,45.5096879
3662,9.2095931,45.5096879,9.2095448,45.5097018
3663,9.2086817,45.5098814,9.2087124,45.509931
3664,9.2083099,45.5100445,9.2087124,45.509931
3665,9.2095448,45.5097018,9.2087124,45.509931
3666,9.2132948,45.5146865,9.2131935,45.5147157
3667,9.212848,45.514118,9.2131935,45.5147157
3668,9.2142679,45.5136911,9.2141808,45.5137197
3669,9.212752,45.5141424,9.2126917,45.5141607
3670,9.2128389,45.5140975,9.212848,45.514118
3671,9.2127631,45.5145302,9.2128346,45.5146583
3672,9.2126573,45.5141712,9.2125664,45.5141976
3673,9.2125537,45.5141756,9.2125664,45.5141976
3674,9.2125177,45.5141161,9.2125537,45.5141756
3675,9.2118582,45.5143666,9.2125537,45.5141756
3676,9.2141256,45.5137348,9.2128389,45.5140975
3677,9.212813,45.5140485,9.2128389,45.5140975
3678,9.2125695,45.5140155,9.2126015,45.5140055
3679,9.2108741,45.5145186,9.2108488,45.514499
3680,9.210906,45.5145754,9.2108741,45.5145186
3681,9.2116825,45.514264,9.2116965,45.5142883
3682,9.2116453,45.5143026,9.2116965,45.5142883
3683,9.2124047,45.51409,9.2124879,45.5140667
3684,9.2124923,45.5140544,9.2125026,45.5140365
3685,9.21229,45.513519,9.2122084,45.5135427
3686,9.2125026,45.5140365,9.2122174,45.5135574
3687,9.2120923,45.5134179,9.2120557,45.5133782
3688,9.2115242,45.5135513,9.2120557,45.5133782
3689,9.2125695,45.5140155,9.21229,45.513519
3690,9.2101922,45.5099778,9.210229,45.510051
3691,9.2102156,45.5099718,9.2101922,45.5099778
3692,9.2101718,45.5099722,9.2101922,45.5099778
3693,9.2101577,45.5099504,9.2101718,45.5099722
3694,9.2085602,45.5104496,9.2101718,45.5099722
3695,9.2084956,45.5104651,9.2085602,45.5104496
3696,9.2088224,45.5109032,9.2085602,45.5104496
3697,9.2055885,45.5143033,9.2056299,45.5143389
3698,9.2055588,45.5142692,9.2055715,45.5142886
3699,9.205472,45.5142299,9.2055588,45.5142692
3700,9.2055385,45.5142759,9.2054678,45.5142549
3701,9.2054678,45.5142549,9.205472,45.5142299
3702,9.2054503,45.5141893,9.205472,45.5142299
3703,9.2065868,45.5143219,9.20661,45.5143623
3704,9.2056299,45.5143389,9.20661,45.5143623
3705,9.2065667,45.5142738,9.2065746,45.5143004
3706,9.2065339,45.5142198,9.2065582,45.5142453
3707,9.2065108,45.5141618,9.206153,45.5135427
3708,9.2063965,45.5117509,9.2064258,45.5118044
3709,9.2065188,45.511937,9.2064258,45.5118044
3710,9.2047435,45.507098,9.2047974,45.5070522
3711,9.2040141,45.507044,9.2047974,45.5070522
3712,9.2040141,45.507044,9.2040604,45.5071354
3713,9.2046946,45.5071357,9.2040604,45.5071354
3714,9.2046936,45.5071486,9.2046946,45.5071357
3715,9.210654,45.5108206,9.2088224,45.5109032
3716,9.2089812,45.5111797,9.2088224,45.5109032
3717,9.208016,45.5105829,9.2082644,45.5105206
3718,9.208268,45.510511,9.2082644,45.5105206
3719,9.2082883,45.5104197,9.2082419,45.5103225
3720,9.2082113,45.5103313,9.2082419,45.5103225
3721,9.2079397,45.5100707,9.2079265,45.510091
3722,9.2080242,45.5101193,9.2079265,45.510091
3723,9.210229,45.510051,9.210654,45.5108206
3724,9.2085236,45.5109944,9.2090057,45.5118312
3725,9.2090859,45.5118097,9.2091518,45.511792
3726,9.2101056,45.5098604,9.2101391,45.5098295
3727,9.2102844,45.5097881,9.2103475,45.5097702
3728,9.2104248,45.5099186,9.2103475,45.5097702
3729,9.2103668,45.5097648,9.2103475,45.5097702
3730,9.2105174,45.5100605,9.2106022,45.5101845
3731,9.208987,45.5086966,9.2090507,45.5087316
3732,9.2090719,45.5087092,9.2090507,45.5087316
3733,9.2104529,45.5092622,9.2099693,45.5089979
3734,9.2093639,45.5086115,9.2099693,45.5089979
3735,9.2093232,45.5086501,9.2093639,45.5086115
3736,9.2093528,45.5085402,9.2093639,45.5086115
3737,9.2116695,45.5144181,9.2109364,45.5146296
3738,9.2109364,45.5146296,9.2109454,45.5146492
3739,9.2112203,45.5151411,9.2112433,45.5151818
3740,9.2113816,45.5152888,9.2113157,45.5153093
3741,9.2112433,45.5151818,9.2113157,45.5153093
3742,9.2113157,45.5153093,9.211358,45.5153875
3743,9.2113965,45.5154617,9.211405,45.5154783
3744,9.2113884,45.5154833,9.211405,45.5154783
3745,9.2115711,45.5156207,9.2114949,45.5156421
3746,9.211405,45.5154783,9.2114949,45.5156421
3747,9.2114949,45.5156421,9.2115705,45.5157766
3748,9.211798,45.5157115,9.2115705,45.5157766
3749,9.2115705,45.5157766,9.2116063,45.5158137
3750,9.2115765,45.5158222,9.2116063,45.5158137
3751,9.2116063,45.5158137,9.2117768,45.5161499
3752,9.2118443,45.5162284,9.2118118,45.5161696
3753,9.2117768,45.5161499,9.2118118,45.5161696
3754,9.2130083,45.5158407,9.213424,45.5157213
3755,9.2132969,45.5153387,9.2132291,45.5153578
3756,9.213424,45.5157213,9.2132291,45.5153578
3757,9.2132529,45.5152623,9.2131873,45.5152818
3758,9.2129392,45.5153558,9.2131873,45.5152818
3759,9.2132291,45.5153578,9.2131873,45.5152818
3760,9.2130987,45.5151965,9.2131375,45.5151856
3761,9.2131873,45.5152818,9.2131375,45.5151856
3762,9.2129904,45.5150122,9.2130523,45.5150181
3763,9.2131375,45.5151856,9.2130523,45.5150181
3764,9.2130523,45.5150181,9.213041,45.5149975
3765,9.2127332,45.5149835,9.21299,45.5149129
3766,9.213041,45.5149975,9.21299,45.5149129
3767,9.22291,45.5102436,9.2229094,45.5102552
3768,9.2130228,45.5149037,9.2129539,45.5148495
3769,9.21299,45.5149129,9.2129539,45.5148495
3770,9.2125231,45.5147742,9.2128506,45.5146852
3771,9.2128346,45.5146583,9.2128506,45.5146852
3772,9.206924,45.5149348,9.206947,45.5149397
3773,9.2079091,45.5146684,9.2070759,45.5148903
3774,9.2070634,45.5148676,9.2070759,45.5148903
3775,9.2056299,45.5143389,9.2059089,45.5150055
3776,9.2077378,45.5144295,9.2078301,45.514482
3777,9.2078301,45.514482,9.2078322,45.5145259
3778,9.2078322,45.5145259,9.2070065,45.5147642
3779,9.2067039,45.5143776,9.2067904,45.5143838
3780,9.2069802,45.5147507,9.2067904,45.5143838
3781,9.2068499,45.5148075,9.2059566,45.5150506
3782,9.2059089,45.5150055,9.2059566,45.5150506
3783,9.2068597,45.5147824,9.2068499,45.5148075
3784,9.206632,45.5143746,9.2068597,45.5147824
3785,9.20661,45.5143623,9.206632,45.5143746
3786,9.207731,45.5144016,9.2077378,45.5144295
3787,9.2067904,45.5143838,9.2077378,45.5144295
3788,9.207729,45.5143523,9.2077249,45.5143765
3789,9.2077336,45.5143245,9.2077327,45.5143308
3790,9.2066023,45.5142295,9.2077388,45.514287
3791,9.2077441,45.5142484,9.2077388,45.514287
3792,9.2128506,45.5146852,9.2128635,45.5147069
3793,9.2129539,45.5148495,9.2128635,45.5147069
3794,9.2119779,45.5127768,9.2120462,45.5127555
3795,9.2123405,45.5132553,9.2120462,45.5127555
3796,9.2104713,45.5137806,9.2104633,45.5137652
3797,9.2104248,45.5137755,9.2104633,45.5137652
3798,9.2108488,45.514499,9.2105708,45.5140018
3799,9.210557,45.5140056,9.2105708,45.5140018
3800,9.2111812,45.5137626,9.2105524,45.5139403
3801,9.2105525,45.5139691,9.2105524,45.5139403
3802,9.2105309,45.5137794,9.2104747,45.5137993
3803,9.2104713,45.5137806,9.2104747,45.5137993
3804,9.2100105,45.5132387,9.2100507,45.513311
3805,9.2100173,45.5133199,9.2100507,45.513311
3806,9.2099904,45.5133276,9.2100173,45.5133199
3807,9.2098757,45.5133608,9.2098848,45.5133581
3808,9.210168,45.5138571,9.2098848,45.5133581
3809,9.2099006,45.5132696,9.2098618,45.5132006
3810,9.2098405,45.5132064,9.2098618,45.5132006
3811,9.209908,45.5131881,9.2099334,45.5131812
3812,9.2097661,45.5127976,9.2099728,45.5131706
3813,9.2099334,45.5131812,9.2099728,45.5131706
3814,9.2109548,45.5129719,9.2101202,45.5132076
3815,9.2101379,45.5132396,9.2101202,45.5132076
3816,9.2142511,45.5135308,9.2143177,45.5135034
3817,9.2129786,45.5154286,9.2129392,45.5153558
3818,9.2109548,45.5129719,9.2109923,45.5130426
3819,9.2110087,45.5130493,9.2109923,45.5130426
3820,9.2104864,45.5131789,9.2109923,45.5130426
3821,9.2116852,45.5144447,9.2120402,45.5148862
3822,9.2118732,45.5143928,9.2120402,45.5148862
3823,9.2127727,45.5150508,9.2127332,45.5149835
3824,9.2120402,45.5148862,9.2127332,45.5149835
3825,9.2127035,45.5150704,9.2127727,45.5150508
3826,9.2127963,45.515091,9.2127727,45.5150508
3827,9.2128857,45.5152567,9.2127963,45.515091
3828,9.2128562,45.5152651,9.2128857,45.5152567
3829,9.2129392,45.5153558,9.2128857,45.5152567
3830,9.2131937,45.5153678,9.2129786,45.5154286
3831,9.2128363,45.5154924,9.2129786,45.5154286
3832,9.2128294,45.5154803,9.2128363,45.5154924
3833,9.2120527,45.5157041,9.2128363,45.5154924
3834,9.2120632,45.5157216,9.2120527,45.5157041
3835,9.211919,45.515726,9.2120527,45.5157041
3836,9.2118517,45.5156961,9.2119094,45.5157079
3837,9.2117764,45.5155631,9.2118517,45.5156961
3838,9.2118116,45.5155532,9.2117764,45.5155631
3839,9.2116863,45.5154037,9.2117764,45.5155631
3840,9.2116621,45.515361,9.2116863,45.5154037
3841,9.2120402,45.5148862,9.2116364,45.5153087
3842,9.211358,45.5153875,9.2116364,45.5153087
3843,9.2121051,45.5171405,9.2121428,45.5171299
3844,9.2122107,45.5171115,9.2121428,45.5171299
3845,9.2120266,45.5171625,9.2116071,45.516393
3846,9.2116666,45.5163667,9.2117041,45.5163561
3847,9.2117695,45.5163372,9.2117041,45.5163561
3848,9.2118536,45.5163128,9.2118021,45.5163277
3849,9.2131877,45.5169318,9.2132042,45.5169644
3850,9.2139792,45.5167517,9.2132042,45.5169644
3851,9.2135027,45.5158432,9.2135514,45.5159372
3852,9.2119387,45.5163908,9.2118703,45.516308
3853,9.2120151,45.5163693,9.2119387,45.5163908
3854,9.212112,45.5166376,9.2119387,45.5163908
3855,9.2121574,45.5166251,9.212112,45.5166376
3856,9.2123614,45.5170674,9.212112,45.5166376
3857,9.2127964,45.5169811,9.2123614,45.5170674
3858,9.2134744,45.5158153,9.2134915,45.5158216
3859,9.2134041,45.5152172,9.2137174,45.5157615
3860,9.2137434,45.5157545,9.2137174,45.5157615
3861,9.213584,45.5157972,9.2136346,45.5157838
3862,9.213679,45.5157718,9.2136346,45.5157838
3863,9.2134594,45.5157865,9.2134744,45.5158153
3864,9.2131225,45.516042,9.2134744,45.5158153
3865,9.2134489,45.5157666,9.2134594,45.5157865
3866,9.2131398,45.5168372,9.2131581,45.5168732
3867,9.2132486,45.516847,9.2131581,45.5168732
3868,9.2140321,45.5166049,9.2140053,45.5166115
3869,9.2140432,45.5166788,9.2140053,45.5166115
3870,9.2139418,45.5166271,9.2139312,45.5166469
3871,9.2148362,45.5142652,9.2151882,45.514701
3872,9.2145853,45.5136918,9.2161759,45.5159962
3873,9.2160552,45.5160297,9.2161759,45.5159962
3874,9.2160939,45.5161011,9.2160552,45.5160297
3875,9.2159957,45.5160462,9.2160552,45.5160297
3876,9.2146358,45.5136724,9.2162136,45.5159857
3877,9.2161759,45.5159962,9.2162136,45.5159857
3878,9.2154436,45.5150713,9.2159957,45.5160462
3879,9.2136925,45.5156051,9.2137864,45.515776
3880,9.2159957,45.5160462,9.2159896,45.5160917
3881,9.2159007,45.5161164,9.2159896,45.5160917
3882,9.2141834,45.5165678,9.214259,45.5165831
3883,9.2139271,45.5160809,9.2141834,45.5165678
3884,9.2138985,45.5159644,9.2139367,45.5160525
3885,9.2139923,45.5156379,9.2138985,45.5159644
3886,9.2138378,45.5158532,9.2138985,45.5159644
3887,9.2137864,45.515776,9.2138378,45.5158532
3888,9.2139966,45.5155892,9.2139923,45.5156379
3889,9.2136925,45.5156051,9.2139923,45.5156379
3890,9.2136281,45.5155122,9.2136925,45.5156051
3891,9.213453,45.5152036,9.2136281,45.5155122
3892,9.2132549,45.5148388,9.213453,45.5152036
3893,9.2131935,45.5147157,9.2132549,45.5148388
3894,9.2100507,45.513311,9.2103233,45.513803
3895,9.2104398,45.5140093,9.2104534,45.5140326
3896,9.2103493,45.5140548,9.2103873,45.5140286
3897,9.2104398,45.5140093,9.2103873,45.5140286
3898,9.2105795,45.5145804,9.2106113,45.5145705
3899,9.2106449,45.5145605,9.2106783,45.5145505
3900,9.2107434,45.5145311,9.2107094,45.5145413
3901,9.2106783,45.5145505,9.2107094,45.5145413
3902,9.2108267,45.5145064,9.2107701,45.5145232
3903,9.210919,45.5146565,9.2108634,45.5146714
3904,9.2108293,45.5146806,9.2107934,45.5146902
3905,9.2107669,45.5146974,9.2107934,45.5146902
3906,9.2107295,45.5147075,9.2107669,45.5146974
3907,9.2106621,45.5147258,9.2106963,45.5147165
3908,9.2102294,45.5140272,9.2102622,45.5140806
3909,9.2091358,45.5143921,9.2102622,45.5140806
3910,9.2102971,45.5140907,9.2105715,45.5145829
3911,9.2105715,45.5145829,9.2106528,45.5147282
3912,9.2112595,45.5158109,9.2112398,45.5157771
3913,9.2110983,45.5155143,9.2112398,45.5157771
3914,9.2110763,45.5154749,9.2110983,45.5155143
3915,9.2106528,45.5147282,9.2110577,45.5154415
3916,9.2106804,45.5155838,9.2109649,45.5154676
3917,9.2110577,45.5154415,9.2109649,45.5154676
3918,9.2115079,45.5162262,9.2112797,45.5158453
3919,9.2116071,45.516393,9.2115467,45.5162874
3920,9.2116194,45.5162923,9.2115715,45.5162076
3921,9.2115139,45.5162245,9.2115715,45.5162076
3922,9.2115467,45.5162874,9.2115079,45.5162262
3923,9.2117636,45.5161536,9.2116777,45.5161772
3924,9.2115101,45.5158817,9.2116777,45.5161772
3925,9.2116777,45.5161772,9.211641,45.5161874
3926,9.2115715,45.5162076,9.211641,45.5161874
3927,9.2118703,45.516308,9.2118727,45.5162797
3928,9.2078675,45.5184107,9.2087629,45.5181666
3929,9.2087391,45.518125,9.2087629,45.5181666
3930,9.2078879,45.5184459,9.2087797,45.5181961
3931,9.2087629,45.5181666,9.2087797,45.5181961
3932,9.2078675,45.5184107,9.2078879,45.5184459
3933,9.2076961,45.5159799,9.2077137,45.5160107
3934,9.2085977,45.5157601,9.2077137,45.5160107
3935,9.2076382,45.5160318,9.2075602,45.5160538
3936,9.2075377,45.516015,9.2075602,45.5160538
3937,9.2076382,45.5160318,9.20761,45.5159818
3938,9.2075479,45.5159981,9.20761,45.5159818
3939,9.2088585,45.5157798,9.2089372,45.5157597
3940,9.2086846,45.5153171,9.2089372,45.5157597
3941,9.2087422,45.5158123,9.2087843,45.5157988
3942,9.2086927,45.5157333,9.2085977,45.5157601
3943,9.2085772,45.5157211,9.2085977,45.5157601
3944,9.2082859,45.51517,9.208018,45.5146873
3945,9.2076961,45.5159799,9.2085772,45.5157211
3946,9.2076617,45.5159683,9.2076961,45.5159799
3947,9.2070629,45.5149063,9.2076617,45.5159683
3948,9.20761,45.5159818,9.2076617,45.5159683
3949,9.207011,45.5149213,9.2070629,45.5149063
3950,9.2070759,45.5148903,9.2070629,45.5149063
3951,9.205855,45.5150205,9.2058219,45.5150298
3952,9.2066453,45.5162632,9.2066047,45.516249
3953,9.2075377,45.516015,9.2066453,45.5162632
3954,9.2075479,45.5159981,9.2075377,45.516015
3955,9.2070091,45.5150667,9.2075479,45.5159981
3956,9.2087503,45.5181117,9.2076126,45.5161227
3957,9.2087391,45.518125,9.2087503,45.5181117
3958,9.2078451,45.5183721,9.2087391,45.518125
3959,9.2078156,45.5183638,9.2078451,45.5183721
3960,9.2078008,45.5183545,9.2078156,45.5183638
3961,9.2066682,45.516304,9.2067015,45.5163635
3962,9.2069021,45.5163094,9.2067015,45.5163635
3963,9.2076126,45.5161227,9.2075923,45.5161091
3964,9.2075602,45.5160538,9.2075923,45.5161091
3965,9.2088709,45.5161949,9.2086674,45.5158362
3966,9.2086674,45.5158362,9.2086299,45.5158215
3967,9.2085977,45.5157601,9.2086299,45.5158215
3968,9.2086299,45.5158215,9.2077469,45.5160686
3969,9.2077137,45.5160107,9.2077469,45.5160686
3970,9.2087992,45.5181,9.2088667,45.5180838
3971,9.2077469,45.5160686,9.2088667,45.5180838
3972,9.2098018,45.5178801,9.2098223,45.5179163
3973,9.2087797,45.5181961,9.2098223,45.5179163
3974,9.2108603,45.5179548,9.2108972,45.5180328
3975,9.2108322,45.518049,9.2108972,45.5180328
3976,9.2108445,45.5177827,9.2109203,45.5179162
3977,9.2122898,45.5176342,9.2123106,45.5176734
3978,9.2109734,45.5180113,9.2123106,45.5176734
3979,9.2109333,45.5179397,9.2109734,45.5180113
3980,9.2108972,45.5180328,9.2109734,45.5180113
3981,9.210864,45.5177757,9.2109333,45.5179397
3982,9.2109203,45.5179162,9.2109333,45.5179397
3983,9.2107085,45.5178315,9.2108445,45.5177827
3984,9.2107955,45.517697,9.2108445,45.5177827
3985,9.2120618,45.517233,9.2121014,45.517304
3986,9.2107955,45.517697,9.2121014,45.517304
3987,9.2107268,45.5177187,9.2107955,45.517697
3988,9.2106825,45.5176393,9.2107268,45.5177187
3989,9.2106572,45.5177406,9.2107268,45.5177187
3990,9.2107085,45.5178315,9.2106572,45.5177406
3991,9.210785,45.51797,9.2107717,45.517946
3992,9.210785,45.51797,9.2107085,45.5178315
3993,9.2107717,45.517946,9.2107085,45.5178315
3994,9.2108322,45.518049,9.210785,45.51797
3995,9.2109333,45.5179397,9.210785,45.51797
3996,9.2103765,45.5182221,9.2108322,45.518049
3997,9.2097813,45.5178102,9.2088709,45.5161949
3998,9.2097739,45.5178309,9.2097813,45.5178102
3999,9.2088667,45.5180838,9.2097739,45.5178309
4000,9.208018,45.5146873,9.2079091,45.5146684
4001,9.2078942,45.5146408,9.2079091,45.5146684
4002,9.205971,45.5152432,9.2060321,45.5152262
4003,9.2064838,45.5160331,9.2060321,45.5152262
4004,9.2060321,45.5152262,9.2060404,45.5151987
4005,9.2060256,45.5151724,9.2060404,45.5151987
4006,9.2043187,45.5080511,9.204328,45.5080682
4007,9.2043082,45.5080548,9.2043187,45.5080511
4008,9.2040992,45.5076615,9.2043187,45.5080511
4009,9.2017453,45.5043952,9.2040141,45.507044
4010,9.2029163,45.509732,9.2028067,45.5095403
4011,9.2036592,45.5110349,9.2035365,45.5108361
4012,9.2036212,45.5093787,9.2045782,45.510514
4013,9.2037092,45.5112378,9.2037754,45.5112197
4014,9.2037757,45.5111841,9.2037754,45.5112197
4015,9.2038861,45.5111505,9.2038656,45.5111563
4016,9.2041408,45.5116029,9.2038861,45.5111505
4017,9.2046538,45.5109378,9.2038861,45.5111505
4018,9.2045801,45.5108118,9.2040032,45.5109735
4019,9.2080913,45.5146674,9.2081801,45.5146432
4020,9.2089372,45.5157597,9.2090662,45.5159877
4021,9.2090662,45.5159877,9.209313,45.516427
4022,9.209313,45.516427,9.2098809,45.517433
4023,9.2045967,45.5126685,9.2049602,45.513312
4024,9.206153,45.5135427,9.2055609,45.5124961
4025,9.204027,45.5116907,9.2040441,45.5117215
4026,9.2045782,45.510514,9.2055574,45.5102281
4027,9.2056982,45.5104794,9.2055574,45.5102281
4028,9.2057294,45.5102015,9.2057765,45.5101893
4029,9.2056206,45.5099139,9.2057765,45.5101893
4030,9.2054006,45.5096181,9.2055078,45.5098083
4031,9.2035365,45.5108361,9.203396,45.5105852
4032,9.203396,45.5105852,9.2032463,45.5103089
4033,9.2064469,45.513784,9.206431,45.5137982
4034,9.2062526,45.51348,9.206431,45.5137982
4035,9.2066185,45.5134138,9.2062526,45.51348
4036,9.2055445,45.5122185,9.2062526,45.51348
4037,9.2075923,45.5161091,9.2069021,45.5163094
4038,9.2067015,45.5163635,9.2066909,45.5163936
4039,9.2065353,45.5162234,9.2065928,45.5162278
4040,9.2066047,45.516249,9.2065928,45.5162278
4041,9.2069998,45.5150506,9.2070091,45.5150667
4042,9.2070734,45.5150319,9.2069998,45.5150506
4043,9.206947,45.5149397,9.2069998,45.5150506
4044,9.2092053,45.5119433,9.2092329,45.5119352
4045,9.2098223,45.5179163,9.2098481,45.5179223
4046,9.2101566,45.5184698,9.2098481,45.5179223
4047,9.207854,45.5185601,9.2079105,45.5185444
4048,9.2078879,45.5184459,9.2079105,45.5185444
4049,9.2077447,45.5183704,9.2078008,45.5183545
4050,9.2077743,45.5183077,9.2078008,45.5183545
4051,9.2068434,45.5166622,9.2068613,45.5166939
4052,9.2067913,45.5166762,9.2068434,45.5166622
4053,9.2067518,45.5164986,9.2068434,45.5166622
4054,9.2067401,45.516478,9.2067518,45.5164986
4055,9.2066878,45.5164924,9.2067401,45.516478
4056,9.2066909,45.5163936,9.2067401,45.516478
4057,9.2085096,45.5109632,9.2085236,45.5109944
4058,9.2090057,45.5118312,9.2090508,45.511908
4059,9.2099205,45.5135559,9.2099715,45.5135281
4060,9.2098757,45.5133608,9.2099715,45.5135281
4061,9.2102845,45.5138517,9.2103183,45.5138502
4062,9.2104922,45.5138292,9.2105054,45.5138407
4063,9.2105136,45.513858,9.2105054,45.5138407
4064,9.2104747,45.5137993,9.2104922,45.5138292
4065,9.2104584,45.5138333,9.2104922,45.5138292
4066,9.2124879,45.5140667,9.2124923,45.5140544
4067,9.2093072,45.5117473,9.2109241,45.5113038
4068,9.2109246,45.5112837,9.2109241,45.5113038
4069,9.2123594,45.5132488,9.2123405,45.5132553
4070,9.212359,45.513292,9.2123405,45.5132553
4071,9.2115786,45.5136515,9.2111812,45.5137626
4072,9.2105054,45.5138407,9.2111343,45.5136629
4073,9.2111343,45.5136629,9.2115242,45.5135513
4074,9.2121328,45.5134997,9.2121748,45.5134881
4075,9.2120968,45.5133669,9.2121748,45.5134881
4076,9.2121829,45.5135014,9.2121748,45.5134881
4077,9.2140758,45.5136072,9.2140658,45.5136298
4078,9.2139306,45.5134372,9.2140758,45.5136072
4079,9.2124909,45.513465,9.2124579,45.5134722
4080,9.2125425,45.5136295,9.2124579,45.5134722
4081,9.2140747,45.5136454,9.2139177,45.5136799
4082,9.2140658,45.5136298,9.2139177,45.5136799
4083,9.2140661,45.5133903,9.2140542,45.5133945
4084,9.2141993,45.5135532,9.2140661,45.5133903
4085,9.2140661,45.5133903,9.2139517,45.5132521
4086,9.213781,45.5130473,9.2139517,45.5132521
4087,9.2139306,45.5134372,9.2139455,45.5134306
4088,9.2138188,45.5133017,9.2139306,45.5134372
4089,9.2136301,45.5131286,9.2138188,45.5133017
4090,9.2121342,45.5173619,9.2122898,45.5176342
4091,9.210332,45.5179649,9.2121342,45.5173619
4092,9.2121014,45.517304,9.2121342,45.5173619
4093,9.214259,45.5165831,9.2154884,45.5162312
4094,9.214178,45.5135619,9.2141993,45.5135532
4095,9.2154738,45.5161346,9.2155152,45.5162238
4096,9.2154884,45.5162312,9.2155152,45.5162238
4097,9.2153027,45.5222216,9.2152403,45.5222135
4098,9.2152403,45.5222135,9.2152782,45.5221783
4099,9.2074917,45.5114123,9.2074917,45.5114123
4100,9.2201203,45.5094313,9.2201774,45.5096997
4101,9.2236957,45.5221538,9.2231212,45.5227535
4102,9.208664,45.5194994,9.2086938,45.5194495
4103,9.2087746,45.5193722,9.2086938,45.5194495
4104,9.2086467,45.5195669,9.208664,45.5194994
4105,9.2086938,45.5194495,9.208664,45.5194994
4106,9.208664,45.5194994,9.2086467,45.5195669
4107,9.2086501,45.519628,9.2086467,45.5195669
4108,9.2086501,45.519628,9.2086722,45.5196872
4109,9.2087004,45.5197311,9.2086722,45.5196872
4110,9.2088213,45.5198317,9.2087373,45.5197722
4111,9.2087004,45.5197311,9.2087373,45.5197722
4112,9.2087373,45.5197722,9.2088213,45.5198317
4113,9.2089138,45.5198657,9.2088213,45.5198317
4114,9.2089138,45.5198657,9.2089972,45.5198853
4115,9.2090849,45.5198864,9.2089972,45.5198853
4116,9.2102686,45.519547,9.2092338,45.5198604
4117,9.2100913,45.5190014,9.2103429,45.5195041
4118,9.2088743,45.5193292,9.2098891,45.5190232
4119,9.2086938,45.5194495,9.2087746,45.5193722
4120,9.2088255,45.5193442,9.2087746,45.5193722
4121,9.2235079,45.5092793,9.2237477,45.5100611
4122,9.2088712,45.5192756,9.2092649,45.5199099
4123,9.22328,45.5200609,9.2217594,45.5202891
4124,9.2217477,45.5202513,9.2217594,45.5202891
4125,9.2165138,45.5208892,9.2165652,45.5209847
4126,9.2167865,45.5209173,9.2165652,45.5209847
4127,9.2168876,45.5208874,9.2168566,45.5208966
4128,9.2164851,45.5210023,9.2164308,45.521011
4129,9.2164351,45.5209126,9.2164851,45.5210023
4130,9.2165352,45.5209932,9.2164851,45.5210023
4131,9.2165652,45.5209847,9.2165352,45.5209932
4132,9.2168372,45.5209023,9.2167865,45.5209173
4133,9.2167887,45.5209992,9.2168372,45.5209023
4134,9.2168566,45.5208966,9.2168372,45.5209023
4135,9.2231038,45.5102021,9.2231038,45.5102021
4136,9.2230682,45.5100597,9.2230682,45.5100597
4137,9.2231945,45.5100909,9.2231945,45.5100909
4138,9.2230562,45.5099673,9.2231176,45.509999
4139,9.2231046,45.5099603,9.2231176,45.509999
4140,9.2231176,45.509999,9.2234231,45.5099131
4141,9.2229713,45.5101682,9.2228864,45.5101675
4142,9.2229408,45.5102287,9.2229713,45.5101682
4143,9.2230029,45.5102883,9.2230008,45.5103876
4144,9.2237477,45.5100611,9.2230008,45.5103876
4145,9.2230029,45.5102883,9.2230088,45.510136
4146,9.2234218,45.5101,9.2230088,45.510136
4147,9.2238601,45.5101079,9.2237477,45.5100611
4148,9.2229249,45.5104362,9.2225835,45.5104314
4149,9.2230088,45.510136,9.2230105,45.5100711
4150,9.2230105,45.5100711,9.2234218,45.5101
4151,9.2237477,45.5100611,9.2234218,45.5101
4152,9.2224912,45.5103154,9.2230029,45.5102883
4153,9.2229501,45.5104365,9.2229249,45.5104362
4154,9.2230008,45.5103876,9.2229249,45.5104362
4155,9.2228865,45.5102287,9.22291,45.5102436
4156,9.2229094,45.5102552,9.22291,45.5102436
4157,9.22291,45.5102436,9.2226347,45.5102249
4158,9.2226347,45.5102249,9.2225829,45.5102682
4159,9.2223984,45.5103077,9.2225668,45.5102677
4160,9.2225668,45.5102677,9.2225667,45.5102241
4161,9.2225667,45.5102241,9.2224372,45.5102226
4162,9.2224372,45.5102226,9.2224,45.5102481
4163,9.2224,45.5102481,9.2223984,45.5103077
4164,9.2233085,45.5099301,9.2231046,45.5099603
4165,9.2231176,45.509999,9.2231046,45.5099603
4166,9.2222946,45.5104713,9.2221175,45.5104684
4167,9.2221797,45.510575,9.2222916,45.510575
4168,9.2222916,45.510575,9.2222946,45.5104713
4169,9.2226584,45.5105808,9.2224819,45.510577
4170,9.2224819,45.510577,9.2224847,45.5104745
4171,9.2224847,45.5104745,9.2226618,45.5104774
4172,9.2226618,45.5104774,9.2226584,45.5105808
4173,9.2221171,45.5105088,9.2221797,45.510575
4174,9.2201476,45.5097376,9.2199608,45.5098084
4175,9.2201774,45.5096997,9.2201476,45.5097376
4176,9.2195399,45.5102166,9.2194173,45.5102158
4177,9.2199077,45.5101434,9.2199077,45.5101434
4178,9.2202467,45.5102316,9.2202035,45.510233
4179,9.2228889,45.5104812,9.2228538,45.5104806
4180,9.2228538,45.5104806,9.2228506,45.5105873
4181,9.2228506,45.5105873,9.2228847,45.5105882
4182,9.2228847,45.5105882,9.2228889,45.5104812
4183,9.2221175,45.5104684,9.2221171,45.5105088
4184,9.2202035,45.510233,9.220201,45.5099124
4185,9.220201,45.5099124,9.2202367,45.5099108
4186,9.2202367,45.5099108,9.2202467,45.5102316
4187,9.2194132,45.5101661,9.2199983,45.5101704
4188,9.2199983,45.5101704,9.2199995,45.5101829
4189,9.2080813,45.5101467,9.2080542,45.5101069
4190,9.2080857,45.5101822,9.2080813,45.5101467
4191,9.2080575,45.5102117,9.2080905,45.5102208
4192,9.208268,45.510511,9.2080905,45.5102208
4193,9.2085217,45.5109596,9.2082889,45.5105397
4194,9.208583,45.5109412,9.2083442,45.5105243
4195,9.2082889,45.5105397,9.2083442,45.5105243
4196,9.2084448,45.5104773,9.2084556,45.5104933
4197,9.2083442,45.5105243,9.2084556,45.5104933
4198,9.208506,45.5104793,9.2089545,45.5111871
4199,9.2089175,45.5111973,9.2089545,45.5111871
4200,9.2092437,45.5117655,9.2092763,45.5117562
4201,9.2090262,45.5113138,9.2092763,45.5117562
4202,9.2092176,45.5118426,9.2093158,45.5118298
4203,9.2092903,45.511783,9.2093158,45.5118298
4204,9.2093049,45.5119156,9.2093551,45.5119019
4205,9.2093158,45.5118298,9.2093551,45.5119019
4206,9.2100113,45.5131602,9.2100651,45.5131456
4207,9.2093551,45.5119019,9.2100651,45.5131456
4208,9.2101202,45.5132076,9.2101026,45.5132127
4209,9.2100651,45.5131456,9.2101026,45.5132127
4210,9.2101026,45.5132127,9.2101423,45.5132837
4211,9.210393,45.5138412,9.2104584,45.5138333
4212,9.2104442,45.5138095,9.2104584,45.5138333
4213,9.2105361,45.513975,9.2105465,45.51399
4214,9.2105613,45.5139849,9.2105465,45.51399
4215,9.2104534,45.5140326,9.210557,45.5140056
4216,9.2105465,45.51399,9.210557,45.5140056
4217,9.2108488,45.514499,9.2108267,45.5145064
4218,9.210557,45.5140056,9.2108267,45.5145064
4219,9.2107888,45.5146091,9.2108746,45.5145846
4220,9.2108267,45.5145064,9.2108746,45.5145846
4221,9.2109454,45.5146492,9.210919,45.5146565
4222,9.2108746,45.5145846,9.210919,45.5146565
4223,9.2111083,45.5151728,9.2111978,45.5151476
4224,9.210919,45.5146565,9.2111978,45.5151476
4225,9.2113157,45.5153093,9.2112925,45.5153157
4226,9.2111978,45.5151476,9.2112925,45.5153157
4227,9.2112925,45.5153157,9.2113884,45.5154833
4228,9.2112925,45.5153157,9.2113884,45.5154833
4229,9.2114949,45.5156421,9.211477,45.5156472
4230,9.2113884,45.5154833,9.211477,45.5156472
4231,9.2115398,45.5158323,9.2115765,45.5158222
4232,9.211477,45.5156472,9.2115765,45.5158222
4233,9.2117768,45.5161499,9.2117636,45.5161536
4234,9.2115765,45.5158222,9.2117636,45.5161536
4235,9.2082644,45.5105206,9.2082758,45.5105179
4236,9.2082889,45.5105397,9.2082758,45.5105179
4237,9.2090156,45.5118286,9.2085217,45.5109596
4238,9.2085096,45.5109632,9.2085217,45.5109596
4239,9.2090057,45.5118312,9.2090156,45.5118286
4240,9.2090985,45.5119746,9.2090156,45.5118286
4241,9.2090917,45.5119767,9.2090985,45.5119746
4242,9.2095945,45.5128474,9.2090985,45.5119746
4243,9.2096531,45.51283,9.2095945,45.5128474
4244,9.2098042,45.5132162,9.2095945,45.5128474
4245,9.2098848,45.5133581,9.2098042,45.5132162
4246,9.2097913,45.5132197,9.2098042,45.5132162
4247,9.2101492,45.513858,9.210168,45.5138571
4248,9.2102009,45.5139148,9.210168,45.5138571
4249,9.2101662,45.5139244,9.2102009,45.5139148
4250,9.210223,45.5139535,9.2102009,45.5139148
4251,9.2102938,45.5140778,9.2102601,45.5140187
4252,9.2103162,45.5140032,9.2102601,45.5140187
4253,9.2103,45.5140887,9.2102938,45.5140778
4254,9.2106528,45.5147282,9.2106621,45.5147258
4255,9.2110679,45.5154398,9.2106621,45.5147258
4256,9.2110763,45.5154749,9.2110864,45.5154723
4257,9.2111026,45.5155009,9.2110864,45.5154723
4258,9.2112758,45.5158056,9.21126,45.5157777
4259,9.2113353,45.5157864,9.2112758,45.5158056
4260,9.2112963,45.5158415,9.2112758,45.5158056
4261,9.2115139,45.5162245,9.2112963,45.5158415
4262,9.2115079,45.5162262,9.2115139,45.5162245
4263,9.2116046,45.5163841,9.2115139,45.5162245
4264,9.2116071,45.516393,9.2116046,45.5163841
4265,9.2120442,45.5171575,9.2116046,45.5163841
4266,9.2118443,45.5162284,9.2118107,45.5162368
4267,9.2117636,45.5161536,9.2118107,45.5162368
4268,9.2118703,45.516308,9.2118536,45.5163128
4269,9.2118107,45.5162368,9.2118536,45.5163128
4270,9.2120509,45.516654,9.2123027,45.5170858
4271,9.2123211,45.51708,9.2123027,45.5170858
4272,9.2123027,45.5170858,9.2123097,45.5171001
4273,9.2122107,45.5171115,9.2122118,45.5171265
4274,9.2123097,45.5171001,9.2122118,45.5171265
4275,9.2121925,45.5171962,9.212115,45.5171551
4276,9.2122118,45.5171265,9.212115,45.5171551
4277,9.2120836,45.5172269,9.2120542,45.5171732
4278,9.212115,45.5171551,9.2120542,45.5171732
4279,9.2120266,45.5171625,9.2120442,45.5171575
4280,9.2120542,45.5171732,9.2120442,45.5171575
4281,9.2121925,45.5171962,9.2120836,45.5172269
4282,9.212122,45.5172969,9.2120836,45.5172269
4283,9.2143259,45.5211751,9.2142995,45.5211249
4284,9.2137794,45.5200069,9.2136833,45.5200348
4285,9.2142862,45.5210946,9.2136833,45.5200348
4286,9.2107722,45.5066558,9.2107386,45.5066385
4287,9.2107537,45.5066239,9.2107386,45.5066385
4288,9.2107248,45.5066554,9.2107562,45.506861
4289,9.2107681,45.5069131,9.2107362,45.5069076
4290,9.2107412,45.506896,9.2107362,45.5069076
4291,9.2106789,45.5069372,9.2107038,45.506948
4292,9.2107362,45.5069076,9.2107038,45.506948
4293,9.2108967,45.5069129,9.2109587,45.5069359
4294,9.21091,45.5069701,9.2109587,45.5069359
4295,9.2134571,45.5086811,9.2111289,45.5068803
4296,9.2109587,45.5069359,9.2111289,45.5068803
4297,9.2111919,45.5067883,9.2112633,45.5067471
4298,9.2112787,45.5066207,9.2112633,45.5067471
4299,9.2112782,45.5065821,9.2112787,45.5066207
4300,9.2112578,45.5066131,9.2112787,45.5066207
4301,9.2112782,45.5065821,9.2112578,45.5066131
4302,9.2240838,45.5085402,9.2241262,45.5085527
4303,9.223707,45.5083322,9.2239655,45.5084878
4304,9.2239655,45.5084878,9.2240838,45.5085402
4305,9.2241262,45.5085527,9.2241711,45.5085618
4306,9.2247387,45.5085957,9.224872,45.5085989
4307,9.2080857,45.5101822,9.2080553,45.5101771
4308,9.2080575,45.5102117,9.2080553,45.5101771
4309,9.2081103,45.5098669,9.2081103,45.5098669
4310,9.216569,45.5127712,9.2166226,45.5128388
4311,9.2166762,45.5129119,9.2167284,45.512985
4312,9.2164459,45.5126436,9.2165114,45.5127074
4313,9.2112974,45.5063476,9.2111802,45.5065622
4314,9.2110988,45.5065211,9.2111802,45.5065622
4315,9.2111802,45.5065622,9.2112782,45.5065821
4316,9.2113218,45.5065115,9.2112782,45.5065821
4317,9.2106897,45.5066534,9.2107072,45.5069027
4318,9.2107362,45.5069076,9.2107072,45.5069027
4319,9.2108967,45.5069129,9.2108603,45.5069418
4320,9.21091,45.5069701,9.2108603,45.5069418
4321,9.2111289,45.5068803,9.21091,45.5069701
4322,9.2108881,45.5069895,9.21091,45.5069701
4323,9.2122827,45.5265466,9.2123171,45.5266047
4324,9.2227702,45.522983,9.2223609,45.5231537
4325,9.2134983,45.508955,9.2134571,45.5086811
4326,9.2135734,45.5090039,9.2134983,45.508955
4327,9.2129079,45.5076647,9.2134956,45.5089202
4328,9.2111919,45.5067883,9.211293,45.5068674
4329,9.2111802,45.5065622,9.2111626,45.5065875
4330,9.2112578,45.5066131,9.2111626,45.5065875
4331,9.2109125,45.506604,9.2110647,45.5065403
4332,9.2111077,45.5065728,9.2110647,45.5065403
4333,9.211293,45.5068674,9.2111588,45.5068214
4334,9.2111289,45.5068803,9.2111588,45.5068214
4335,9.2110764,45.5067201,9.2111919,45.5067883
4336,9.2111588,45.5068214,9.2111919,45.5067883
4337,9.2107681,45.5069131,9.2107922,45.5068743
4338,9.2107562,45.506861,9.2107922,45.5068743
4339,9.2110011,45.5068179,9.2108967,45.5069129
4340,9.2107922,45.5068743,9.2108967,45.5069129
4341,9.2230105,45.5100711,9.2228822,45.509835
4342,9.2225829,45.5102682,9.2229094,45.5102552
4343,9.2228865,45.5102287,9.2229408,45.5102287
4344,9.2229094,45.5102552,9.2229408,45.5102287
4345,9.2198476,45.5077642,9.2199333,45.5074522
4346,9.2195988,45.5078323,9.2191222,45.5079468
4347,9.2197188,45.5078229,9.2195988,45.5078323
4348,9.2197982,45.508186,9.2197219,45.5079207
4349,9.2190465,45.5082761,9.2197982,45.508186
4350,9.2199016,45.508642,9.2197982,45.508186
4351,9.2195193,45.5091072,9.2198911,45.5090688
4352,9.2194263,45.5091169,9.2195193,45.5091072
4353,9.2190465,45.5082761,9.218938,45.5087537
4354,9.218938,45.5087537,9.2199016,45.508642
4355,9.218938,45.5087537,9.2199016,45.508642
4356,9.2191222,45.5079468,9.2190465,45.5082761
4357,9.2135524,45.5085559,9.2135747,45.5086677
4358,9.2135747,45.5086677,9.2136091,45.5088401
4359,9.2136856,45.5088776,9.2136091,45.5088401
4360,9.2207877,45.5039855,9.2208975,45.504157
4361,9.2207435,45.5039217,9.220761,45.5039458
4362,9.2223669,45.5128545,9.22245,45.5126343
4363,9.2224188,45.5126282,9.22245,45.5126343
4364,9.2149804,45.5111943,9.2150746,45.5111288
4365,9.2151205,45.5111738,9.2150746,45.5111288
4366,9.2149742,45.5112769,9.2149742,45.5112769
4367,9.2165652,45.5209847,9.2167537,45.5213457
4368,9.2167537,45.5213457,9.2168484,45.5213153
4369,9.2172002,45.5219052,9.2169825,45.5214839
4370,9.2168484,45.5213153,9.2169825,45.5214839
4371,9.2217343,45.5097151,9.2217343,45.5097151
4372,9.2217673,45.5095227,9.2216601,45.5095206
4373,9.2220294,45.5089578,9.222029,45.5090093
4374,9.2219945,45.5090095,9.222029,45.5090093
4375,9.222029,45.5090093,9.2220177,45.5103723
4376,9.2219761,45.5103725,9.2220177,45.5103723
4377,9.2206289,45.5038347,9.2206917,45.5038765
4378,9.2202954,45.5036202,9.2205552,45.503799
4379,9.2205552,45.503799,9.2206289,45.5038347
4380,9.2137911,45.5094366,9.2138487,45.5094283
4381,9.2138336,45.5093166,9.2137855,45.5089984
4382,9.2112633,45.5067471,9.2135524,45.5085559
4383,9.2135734,45.5090039,9.2136692,45.508896
4384,9.2136091,45.5088401,9.2136692,45.508896
4385,9.2196754,45.5066585,9.2194243,45.5065863
4386,9.21987,45.5067666,9.2197775,45.506791
4387,9.2197272,45.5067174,9.2197563,45.5067705
4388,9.2198616,45.5066079,9.2197392,45.5066408
4389,9.2197599,45.5066793,9.2197272,45.5067174
4390,9.2197516,45.5066638,9.2197599,45.5066793
4391,9.2198015,45.5067563,9.2198078,45.5067679
4392,9.2197599,45.5066793,9.2198015,45.5067563
4393,9.2196596,45.5066291,9.2196505,45.5066122
4394,9.2197392,45.5066408,9.2196754,45.5066585
4395,9.2196754,45.5066585,9.2196596,45.5066291
4396,9.2203633,45.5070119,9.2203633,45.5070119
4397,9.220369,45.5069591,9.220369,45.5069591
4398,9.2204043,45.5069828,9.2204043,45.5069828
4399,9.2204179,45.5069607,9.2204179,45.5069607
4400,9.2203896,45.506927,9.2203896,45.506927
4401,9.2204262,45.5069273,9.2204262,45.5069273
4402,9.2204599,45.506915,9.2204599,45.506915
4403,9.2204382,45.5069803,9.2204382,45.5069803
4404,9.2202266,45.5068288,9.2203586,45.5067682
4405,9.2203586,45.5067682,9.2203586,45.5067682
4406,9.2197141,45.5067255,9.2197516,45.5066638
4407,9.2197392,45.5066408,9.2197516,45.5066638
4408,9.2136869,45.5093899,9.2138417,45.5093704
4409,9.2167887,45.5209992,9.2183295,45.5205762
4410,9.2183793,45.5203719,9.2183295,45.5205762
4411,9.2183608,45.5205661,9.2183295,45.5205762
4412,9.218645,45.5202969,9.2183793,45.5203719
4413,9.2168484,45.5213153,9.2168887,45.5211567
4414,9.2207418,45.5181047,9.2208806,45.5180835
4415,9.220863,45.518042,9.2208806,45.5180835
4416,9.2234985,45.5087632,9.2234985,45.5087632
4417,9.2231623,45.5076432,9.2231623,45.5076432
4418,9.2227979,45.5064404,9.2227979,45.5064404
4419,9.2206949,45.5067755,9.2204994,45.5071154
4420,9.2206949,45.5067755,9.2204994,45.5071154
4421,9.2204994,45.5071154,9.2210787,45.5067678
4422,9.2065695,45.5265118,9.2065153,45.5265272
4423,9.2065673,45.5266208,9.2065153,45.5265272
4424,9.2065153,45.5265272,9.2064294,45.5263726
4425,9.2064294,45.5263726,9.2065695,45.5265118
4426,9.2065757,45.52651,9.2065695,45.5265118
4427,9.2056528,45.5266583,9.2056528,45.5266583
4428,9.2234231,45.5099131,9.2233085,45.5099301
4429,9.2133584,45.5099434,9.2138816,45.5100477
4430,9.2138694,45.5100158,9.2138816,45.5100477
4431,9.2150874,45.5113863,9.2150874,45.5113863
4432,9.2149344,45.5114289,9.2149344,45.5114289
4433,9.2151259,45.5114121,9.2151259,45.5114121
4434,9.2153593,45.5114997,9.2153593,45.5114997
4435,9.2154101,45.5115232,9.2154101,45.5115232
4436,9.2159859,45.5109769,9.2159816,45.5109344
4437,9.2176466,45.5114033,9.2159816,45.5109344
4438,9.2214402,45.5123642,9.2214362,45.5124149
4439,9.2213286,45.5123863,9.2214362,45.5124149
4440,9.2235714,45.5124631,9.2235636,45.5124895
4441,9.2233765,45.5124463,9.2235636,45.5124895
4442,9.2111626,45.5065875,9.2111077,45.5065728
4443,9.2110063,45.5065211,9.2107378,45.5066078
4444,9.2144105,45.5213863,9.2143676,45.5213018
4445,9.2114615,45.5154436,9.2113965,45.5154617
4446,9.211358,45.5153875,9.2113965,45.5154617
4447,9.2118118,45.5161696,9.2122643,45.516047
4448,9.2122781,45.5160715,9.2122643,45.516047
4449,9.2129168,45.51568,9.2130083,45.5158407
4450,9.2129614,45.5158538,9.2130083,45.5158407
4451,9.2130927,45.5159891,9.2131225,45.516042
4452,9.2123805,45.5162426,9.2131225,45.516042
4453,9.2123928,45.5162631,9.2123805,45.5162426
4454,9.2118727,45.5162797,9.2123805,45.5162426
4455,9.2135104,45.5167424,9.2135242,45.5167674
4456,9.2135104,45.5167424,9.2135242,45.5167674
4457,9.2139255,45.5166589,9.2135242,45.5167674
4458,9.2114615,45.5154436,9.2116621,45.515361
4459,9.2116364,45.5153087,9.2116621,45.515361
4460,9.2116713,45.5157954,9.211919,45.515726
4461,9.2119094,45.5157079,9.211919,45.515726
4462,9.2084556,45.5104933,9.208506,45.5104793
4463,9.2089175,45.5111973,9.208506,45.5104793
4464,9.209321,45.5117747,9.2092903,45.511783
4465,9.2092763,45.5117562,9.2092903,45.511783
4466,9.2104747,45.5137993,9.2104442,45.5138095
4467,9.2104248,45.5137755,9.2104442,45.5138095
4468,9.2101423,45.5132837,9.2103987,45.5137296
4469,9.210393,45.5138412,9.2104774,45.513868
4470,9.2104584,45.5138333,9.2104774,45.513868
4471,9.2104463,45.513939,9.2105071,45.5139223
4472,9.2105027,45.5139142,9.2105071,45.5139223
4473,9.2104774,45.513868,9.2105136,45.513858
4474,9.2105198,45.5138711,9.2105136,45.513858
4475,9.2106217,45.5135849,9.2106877,45.5137012
4476,9.2105145,45.5137507,9.2106877,45.5137012
4477,9.2104633,45.5137652,9.2105145,45.5137507
4478,9.2134898,45.5167048,9.2134977,45.5167193
4479,9.2134898,45.5167048,9.2134977,45.5167193
4480,9.2134799,45.5162765,9.2134977,45.5167193
4481,9.2093306,45.5117937,9.209321,45.5117747
4482,9.2109388,45.5113303,9.209321,45.5117747
4483,9.2061221,45.5111191,9.2060625,45.5111352
4484,9.2057308,45.5106411,9.2060625,45.5111352
4485,9.2105524,45.5139403,9.2105395,45.513913
4486,9.2105071,45.5139223,9.2105395,45.513913
4487,9.2108941,45.5140769,9.2108146,45.5139343
4488,9.2106469,45.5139813,9.2108146,45.5139343
4489,9.211959,45.5135952,9.2119686,45.5136124
4490,9.2121659,45.513555,9.2119686,45.5136124
4491,9.2105708,45.5140018,9.2106469,45.5139813
4492,9.2122084,45.5135427,9.2121659,45.513555
4493,9.2242932,45.5135734,9.2236078,45.5136719
4494,9.2236191,45.5137174,9.2236078,45.5136719
4495,9.2235989,45.5136675,9.2236078,45.5136719
4496,9.2235596,45.5137814,9.2236223,45.5137716
4497,9.2236288,45.5137563,9.2236223,45.5137716
4498,9.2234817,45.5137415,9.2234924,45.5137876
4499,9.2234987,45.5137908,9.2234924,45.5137876
4500,9.223476,45.5136877,9.2234699,45.5136909
4501,9.2242104,45.5136688,9.2236288,45.5137563
4502,9.2214933,45.5140253,9.221485,45.513997
4503,9.2138081,45.5094866,9.2137911,45.5094366
4504,9.2137265,45.5095025,9.2138081,45.5094866
4505,9.2138559,45.5096063,9.2138081,45.5094866
4506,9.2139127,45.5097247,9.2138559,45.5096063
4507,9.2148066,45.511069,9.2139127,45.5097247
4508,9.2152907,45.5110167,9.2150238,45.5110713
4509,9.2150746,45.5111288,9.2150238,45.5110713
4510,9.2116196,45.5059766,9.2111497,45.5071158
4511,9.2229487,45.5229673,9.222935,45.5229704
4512,9.2228181,45.522776,9.2228034,45.5227801
4513,9.222931,45.5227406,9.2229732,45.5227274
4514,9.2226707,45.5222355,9.2229732,45.5227274
4515,9.2229732,45.5227274,9.2230443,45.5227515
4516,9.2230779,45.5227557,9.2236057,45.5228233
4517,9.2229595,45.5222223,9.2226707,45.5222355
4518,9.2223995,45.5218108,9.2226707,45.5222355
4519,9.2226128,45.521748,9.2223995,45.5218108
4520,9.2221078,45.5213537,9.2223995,45.5218108
4521,9.2230443,45.5227515,9.2230779,45.5227557
4522,9.2230779,45.5227557,9.2230886,45.5223332
4523,9.2230886,45.5223332,9.2229595,45.5222223
4524,9.2228937,45.5223043,9.223023,45.5223574
4525,9.2230886,45.5223332,9.223023,45.5223574
4526,9.223023,45.5223574,9.2228937,45.5223043
4527,9.2232659,45.523025,9.2231366,45.5230405
4528,9.2230938,45.5229509,9.2231366,45.5230405
4529,9.2229113,45.5227857,9.2228972,45.5227512
4530,9.2228181,45.522776,9.2228972,45.5227512
4531,9.2228692,45.5226803,9.222931,45.5227406
4532,9.2228972,45.5227512,9.222931,45.5227406
4533,9.2229113,45.5227857,9.2229582,45.5227652
4534,9.222931,45.5227406,9.2229582,45.5227652
4535,9.2229582,45.5227652,9.222999,45.5228223
4536,9.222999,45.5228223,9.2230938,45.5229509
4537,9.2230227,45.5229767,9.2230041,45.5229521
4538,9.2230041,45.5229521,9.2229328,45.5228296
4539,9.2229328,45.5228296,9.2229113,45.5227857
4540,9.2230703,45.5227856,9.2230963,45.5228197
4541,9.2230963,45.5228197,9.2232057,45.522963
4542,9.222935,45.5229704,9.2228113,45.5230088
4543,9.2228113,45.5230088,9.2223941,45.5231891
4544,9.2236795,45.5141799,9.2237525,45.5141695
4545,9.2223941,45.5231891,9.2220457,45.5232042
4546,9.2220885,45.5199627,9.2220971,45.5199915
4547,9.2214651,45.5198255,9.2220885,45.5199627
4548,9.2107597,45.5126262,9.2109118,45.5128939
4549,9.210232,45.5116928,9.2103612,45.5119318
4550,9.2103612,45.5119318,9.2104237,45.5120392
4551,9.2104237,45.5120392,9.2106685,45.5124624
4552,9.2106685,45.5124624,9.2107597,45.5126262
4553,9.2139966,45.5155892,9.2143896,45.5137204
4554,9.2142679,45.5136911,9.2143896,45.5137204
4555,9.2139367,45.5160525,9.2139271,45.5160809
4556,9.2137174,45.5157615,9.2139271,45.5160809
4557,9.213698,45.516201,9.2139418,45.5166271
4558,9.2140053,45.5166115,9.2139418,45.5166271
4559,9.2140008,45.5148588,9.2140281,45.5147081
4560,9.2140281,45.5147081,9.2140394,45.514643
4561,9.2233591,45.5137058,9.2221932,45.5138891
4562,9.2234924,45.5137876,9.2222097,45.5139808
4563,9.2222029,45.5139432,9.2222097,45.5139808
4564,9.2222097,45.5139808,9.2223333,45.5144177
4565,9.2228868,45.5140676,9.2229521,45.5143256
4566,9.2224452,45.5143984,9.2229521,45.5143256
4567,9.2223333,45.5144177,9.2224452,45.5143984
4568,9.2229521,45.5143256,9.2235893,45.5142365
4569,9.2242187,45.5136675,9.2242104,45.5136688
4570,9.2237525,45.5141695,9.2242104,45.5136688
4571,9.2235893,45.5142365,9.2236055,45.5141904
4572,9.2236223,45.5137716,9.2237525,45.5141695
4573,9.2223669,45.5128545,9.2233578,45.5130022
4574,9.2224634,45.5125679,9.2233765,45.5124463
4575,9.2233578,45.5130022,9.2233765,45.5124463
4576,9.2212941,45.5138638,9.2217012,45.5138964
4577,9.2220813,45.5138672,9.2217012,45.5138964
4578,9.2142288,45.510564,9.2142936,45.5106483
4579,9.2143861,45.5107687,9.2143611,45.5107775
4580,9.2143955,45.5107818,9.2143611,45.5107775
4581,9.2144128,45.510776,9.2143955,45.5107818
4582,9.2139016,45.5100999,9.2144128,45.510776
4583,9.2135845,45.5092875,9.2136618,45.5095151
4584,9.2136618,45.5095151,9.2138694,45.5100158
4585,9.2138816,45.5100477,9.2139016,45.5100999
4586,9.214674,45.5111171,9.2147514,45.5113883
4587,9.215004,45.5114427,9.2150513,45.5114395
4588,9.2151475,45.5113757,9.2151877,45.511349
4589,9.215362,45.5115167,9.2151877,45.511349
4590,9.2151877,45.511349,9.2151205,45.5111738
4591,9.2151205,45.5111738,9.2152898,45.5111254
4592,9.2148211,45.5114083,9.215004,45.5114427
4593,9.2150493,45.5114771,9.2151035,45.5115182
4594,9.2151679,45.5114805,9.2150493,45.5114771
4595,9.215004,45.5114427,9.2150493,45.5114771
4596,9.217809,45.5144241,9.2172413,45.5136141
4597,9.2155192,45.5109751,9.2152907,45.5110167
4598,9.2159816,45.5109344,9.2155192,45.5109751
4599,9.2145281,45.5108182,9.2144603,45.5108381
4600,9.2144128,45.510776,9.2144603,45.5108381
4601,9.2144403,45.510844,9.2143227,45.5108786
4602,9.2133182,45.5099851,9.2133102,45.5099998
4603,9.2142689,45.5106573,9.2133102,45.5099998
4604,9.2149226,45.5232451,9.2134502,45.5236394
4605,9.2134181,45.5235788,9.2134502,45.5236394
4606,9.2133096,45.5236516,9.2134181,45.5235788
4607,9.2134,45.5235447,9.2134181,45.5235788
4608,9.2092649,45.5199099,9.2088712,45.5192756
4609,9.2092338,45.5198604,9.209166,45.5198782
4610,9.2090849,45.5198864,9.209166,45.5198782
4611,9.2089972,45.5198853,9.2090849,45.5198864
4612,9.209166,45.5198782,9.2090849,45.5198864
4613,9.2089972,45.5198853,9.2089138,45.5198657
4614,9.2088213,45.5198317,9.2089138,45.5198657
4615,9.2087759,45.5193779,9.2088255,45.5193442
4616,9.2087746,45.5193722,9.2088255,45.5193442
4617,9.2088255,45.5193442,9.2088743,45.5193292
4618,9.2098891,45.5190232,9.2099804,45.5190037
4619,9.2103429,45.5195041,9.2103178,45.5195207
4620,9.2087373,45.5197722,9.2087004,45.5197311
4621,9.2086722,45.5196872,9.2087004,45.5197311
4622,9.2100611,45.519,9.2103042,45.5194035
4623,9.2103042,45.5194035,9.2103294,45.5193959
4624,9.2100611,45.519,9.2100913,45.5190014
4625,9.2103294,45.5193959,9.2100913,45.5190014
4626,9.2100346,45.519,9.2100611,45.519
4627,9.2100913,45.5190014,9.2100611,45.519
4628,9.2086722,45.5196872,9.2086501,45.519628
4629,9.2086467,45.5195669,9.2086501,45.519628
4630,9.2209951,45.5077935,9.2211485,45.5077891
4631,9.2211473,45.5077493,9.2211485,45.5077891
4632,9.22125,45.5077862,9.2212496,45.5077248
4633,9.2211815,45.5077248,9.2212496,45.5077248
4634,9.2143566,45.525751,9.2132832,45.5238359
4635,9.2132147,45.5238549,9.2132832,45.5238359
4636,9.2133096,45.5236516,9.2133968,45.5238045
4637,9.2132832,45.5238359,9.2133968,45.5238045
4638,9.2131935,45.5236749,9.2131204,45.5235572
4639,9.2130562,45.5235752,9.2131204,45.5235572
4640,9.2131204,45.5235572,9.2132339,45.5235255
4641,9.21231,45.5218646,9.2132339,45.5235255
4642,9.2231117,45.5076438,9.223239,45.5076245
4643,9.2231964,45.5074468,9.223239,45.5076245
4644,9.2236576,45.5086797,9.2236839,45.5087694
4645,9.2236029,45.5087822,9.2236839,45.5087694
4646,9.2232491,45.5083864,9.2233779,45.5088174
4647,9.2236839,45.5087694,9.2237509,45.5089816
4648,9.2236691,45.5089918,9.2237509,45.5089816
4649,9.2234131,45.5089684,9.2234296,45.5090226
4650,9.2234537,45.5091015,9.2235079,45.5092793
4651,9.2234044,45.5089273,9.2234131,45.5089684
4652,9.2220602,45.5090091,9.2234131,45.5089684
4653,9.2237509,45.5089816,9.2237728,45.5090532
4654,9.2233779,45.5088174,9.2233913,45.5088648
4655,9.2233926,45.5077365,9.2235195,45.5081488
4656,9.2235329,45.5082263,9.2235448,45.5082948
4657,9.2232314,45.5083267,9.2232491,45.5083864
4658,9.2228218,45.5070534,9.2230235,45.5076572
4659,9.2233784,45.5076901,9.2233926,45.5077365
4660,9.2249389,45.5081261,9.2233926,45.5077365
4661,9.22305,45.5077814,9.2232129,45.5082642
4662,9.2230316,45.5077383,9.22305,45.5077814
4663,9.22115,45.5078354,9.22305,45.5077814
4664,9.2230235,45.5076572,9.2230178,45.5077057
4665,9.2232974,45.5063281,9.2230762,45.50672
4666,9.2233437,45.5076087,9.2233624,45.5076378
4667,9.223239,45.5076245,9.2233437,45.5076087
4668,9.223177,45.5070532,9.2233437,45.5076087
4669,9.2225573,45.5062679,9.222727,45.5067792
4670,9.2229481,45.5104822,9.2229487,45.5104676
4671,9.2208103,45.5104297,9.2229487,45.5104676
4672,9.2229487,45.5104676,9.2241389,45.5124487
4673,9.2233007,45.5230608,9.2273636,45.5235639
4674,9.2058219,45.5150298,9.2055987,45.5146265
4675,9.2071773,45.5142893,9.2077336,45.5143245
4676,9.2077388,45.514287,9.2077336,45.5143245
4677,9.2053483,45.5151619,9.205319,45.5151701
4678,9.2037092,45.5112378,9.2039113,45.5115873
4679,9.2038795,45.5115959,9.2039113,45.5115873
4680,9.2040975,45.511993,9.2038795,45.5115959
4681,9.2031713,45.5113851,9.2033819,45.5117519
4682,9.2031458,45.5113921,9.2031713,45.5113851
4683,9.2064196,45.5150699,9.2068693,45.5149494
4684,9.2060404,45.5151987,9.2064196,45.5150699
4685,9.2064891,45.5162201,9.2063271,45.515932
4686,9.2064656,45.5162255,9.2064891,45.5162201
4687,9.2061293,45.5166003,9.2063341,45.5169732
4688,9.2061613,45.5165989,9.2061293,45.5166003
4689,9.2077972,45.5185757,9.2078293,45.5185666
4690,9.2074741,45.5189983,9.2073088,45.5187112
4691,9.2072826,45.5187191,9.2073088,45.5187112
4692,9.2099042,45.5222533,9.2099285,45.5222981
4693,9.2099715,45.5222846,9.2099285,45.5222981
4694,9.2094692,45.5224424,9.2094489,45.5224488
4695,9.2117574,45.5143934,9.2118582,45.5143666
4696,9.2120659,45.5145877,9.2118732,45.5143928
4697,9.2118582,45.5143666,9.2118732,45.5143928
4698,9.2117042,45.5144084,9.2116695,45.5144181
4699,9.2116695,45.5144181,9.2116852,45.5144447
4700,9.2118732,45.5143928,9.2116852,45.5144447
4701,9.2111667,45.5148182,9.2115417,45.5147239
4702,9.2115965,45.5144691,9.2117186,45.5146851
4703,9.2117186,45.5146851,9.2116154,45.5148292
4704,9.2129539,45.5148495,9.2120659,45.5145877
4705,9.2120659,45.5145877,9.2122853,45.5146416
4706,9.2126017,45.5144197,9.2122654,45.5145217
4707,9.2111575,45.5148378,9.2110876,45.514709
4708,9.2114691,45.51487,9.2111575,45.5148378
4709,9.2111575,45.5148378,9.2114691,45.51487
4710,9.2116154,45.5148292,9.2114691,45.51487
4711,9.2126193,45.5144275,9.2125512,45.5142945
4712,9.21248,45.514734,9.2124121,45.5146067
4713,9.2122853,45.5146416,9.2124121,45.5146067
4714,9.2124121,45.5146067,9.2124456,45.5145975
4715,9.2124456,45.5145975,9.2126193,45.5144275
4716,9.2124456,45.5145975,9.2126193,45.5144275
4717,9.2130083,45.5158407,9.2130168,45.5158555
4718,9.2130344,45.5158855,9.2130503,45.5159144
4719,9.2130591,45.5159298,9.2130751,45.5159581
4720,9.2130844,45.5159745,9.2130927,45.5159891
4721,9.2123666,45.5162193,9.2123563,45.5162024
4722,9.2123563,45.5162024,9.2123142,45.5161337
4723,9.2120561,45.5162044,9.2123142,45.5161337
4724,9.2122934,45.5160981,9.2122781,45.5160715
4725,9.207523,45.5069603,9.2064674,45.5069138
4726,9.2064697,45.5068933,9.2064674,45.5069138
4727,9.2063927,45.5069093,9.206396,45.5068729
4728,9.2063485,45.5068655,9.206396,45.5068729
4729,9.207523,45.5069603,9.2076064,45.5069817
4730,9.2076152,45.5069198,9.2076064,45.5069817
4731,9.2079574,45.5061228,9.2075414,45.5069086
4732,9.2074723,45.5069413,9.2075414,45.5069086
4733,9.2044866,45.5183545,9.2049505,45.5191729
4734,9.2048519,45.5191955,9.2049505,45.5191729
4735,9.2190391,45.5208726,9.2186924,45.5204675
4736,9.2186275,45.520379,9.2186924,45.5204675
4737,9.2187913,45.5209662,9.2193811,45.5217432
4738,9.2186924,45.5204675,9.2187913,45.5209662
4739,9.2187913,45.5209662,9.2190391,45.5208726
4740,9.2190391,45.5208726,9.2190627,45.5209028
4741,9.2185601,45.5205663,9.2185601,45.5205663
4742,9.2054723,45.5151273,9.2053566,45.5151596
4743,9.2138254,45.5125447,9.2138258,45.5125238
4744,9.2139844,45.5124663,9.2138258,45.5125238
4745,9.2229053,45.511486,9.2229053,45.511486
4746,9.2229053,45.511486,9.2229174,45.5112011
4747,9.2229174,45.5112011,9.2229299,45.5109081
4748,9.2229174,45.5112011,9.2229299,45.5109081
4749,9.2239442,45.5124747,9.2235714,45.5124631
4750,9.2224078,45.5125248,9.2211237,45.5122497
4751,9.2235714,45.5124631,9.2224078,45.5125248
4752,9.2108547,45.5158998,9.2112238,45.5157953
4753,9.2106962,45.5156111,9.2106885,45.5156133
4754,9.2106885,45.5156133,9.2108462,45.5159022
4755,9.2108696,45.5159265,9.2108547,45.5158998
4756,9.2108462,45.5159022,9.2108547,45.5158998
4757,9.2108547,45.5158998,9.2106962,45.5156111
4758,9.2112238,45.5157953,9.2106962,45.5156111
4759,9.2036412,45.5068475,9.2036073,45.5076836
4760,9.2039963,45.5075479,9.2036073,45.5076836
4761,9.218218,45.5200208,9.2186308,45.5199162
4762,9.203881,45.5241215,9.2038046,45.5241034
4763,9.2088255,45.5083366,9.2076021,45.5070116
4764,9.2076064,45.5069817,9.2076021,45.5070116
4765,9.2076031,45.5068916,9.2076152,45.5069198
4766,9.2075414,45.5069086,9.2076031,45.5068916
4767,9.2097066,45.5065819,9.2076031,45.5068916
4768,9.2063485,45.5068655,9.2066208,45.5041215
4769,9.2057645,45.5076364,9.2057862,45.5069437
4770,9.2057035,45.5069423,9.2056052,45.5069407
4771,9.2059408,45.5078263,9.2056052,45.5069407
4772,9.2055626,45.5068924,9.205564,45.5069296
4773,9.2056052,45.5069407,9.205564,45.5069296
4774,9.2027198,45.5081086,9.202752,45.5081107
4775,9.2064697,45.5068933,9.2064551,45.5068756
4776,9.206396,45.5068729,9.2064551,45.5068756
4777,9.2074723,45.5069413,9.2064697,45.5068933
4778,9.2064551,45.5068756,9.2074723,45.5069413
4779,9.2055613,45.5068578,9.2063485,45.5068655
4780,9.2030095,45.5113135,9.2030514,45.5113878
4781,9.2030983,45.5114051,9.2030514,45.5113878
4782,9.2031438,45.5114872,9.2030983,45.5114051
4783,9.208849,45.5083359,9.2088255,45.5083366
4784,9.2079703,45.5079542,9.2085251,45.5082642
4785,9.2064627,45.5069526,9.2074087,45.5076402
4786,9.2064674,45.5069138,9.2064627,45.5069526
4787,9.2060085,45.5069292,9.2064627,45.5069526
4788,9.2097066,45.5065819,9.208334,45.5056227
4789,9.2015239,45.5113758,9.2017739,45.5102741
4790,9.2029815,45.5112226,9.2029808,45.5112628
4791,9.2064913,45.5174715,9.2059287,45.5176169
4792,9.2060375,45.5166044,9.2064913,45.5174715
4793,9.2059588,45.5165177,9.2059824,45.5165595
4794,9.2054044,45.5167303,9.2059824,45.5165595
4795,9.2053505,45.5167459,9.2054044,45.5167303
4796,9.2059073,45.5176051,9.2054044,45.5167303
4797,9.2058431,45.5176224,9.2059073,45.5176051
4798,9.2059287,45.5176169,9.2059073,45.5176051
4799,9.2047861,45.5167783,9.2059231,45.5164543
4800,9.2038506,45.5170273,9.2038748,45.5170432
4801,9.2037499,45.5170548,9.2038506,45.5170273
4802,9.2036337,45.5166343,9.2038506,45.5170273
4803,9.2039031,45.5170909,9.2039296,45.5171356
4804,9.2046906,45.5169215,9.2039296,45.5171356
4805,9.2057943,45.5176355,9.2052978,45.5167613
4806,9.2044277,45.5180308,9.2057943,45.5176355
4807,9.2043979,45.5180261,9.2044277,45.5180308
4808,9.204315,45.5180517,9.2043979,45.5180261
4809,9.2039109,45.5171593,9.2043979,45.5180261
4810,9.2032417,45.5158977,9.2032702,45.5159435
4811,9.2040445,45.5157304,9.2032702,45.5159435
4812,9.2029941,45.5160144,9.2030623,45.5160762
4813,9.2038197,45.5175358,9.2033451,45.5174477
4814,9.2037348,45.5172064,9.2039184,45.517514
4815,9.2029668,45.5159741,9.2029941,45.5160144
4816,9.2031694,45.517412,9.2029941,45.5160144
4817,9.2026206,45.5160242,9.2029404,45.5159318
4818,9.2036596,45.5170794,9.2037348,45.5172064
4819,9.2035429,45.5168834,9.2036596,45.5170794
4820,9.2038225,45.5171829,9.2039109,45.5171593
4821,9.2039296,45.5171356,9.2039109,45.5171593
4822,9.2047553,45.5168516,9.2047235,45.5167956
4823,9.2046575,45.5168139,9.2047235,45.5167956
4824,9.2053215,45.5166943,9.2053505,45.5167459
4825,9.2052978,45.5167613,9.2053505,45.5167459
4826,9.2046625,45.516877,9.2046906,45.5169215
4827,9.2052978,45.5167613,9.2046906,45.5169215
4828,9.2047553,45.5168516,9.2046625,45.516877
4829,9.2046319,45.5168285,9.2046625,45.516877
4830,9.2038748,45.5170432,9.2046319,45.5168285
4831,9.2046319,45.5168285,9.2046575,45.5168139
4832,9.2046575,45.5168139,9.2040445,45.5157304
4833,9.2041672,45.5156989,9.2047861,45.5167783
4834,9.2047235,45.5167956,9.2047861,45.5167783
4835,9.2041096,45.5157137,9.2041672,45.5156989
4836,9.204824,45.5155241,9.2041672,45.5156989
4837,9.2052913,45.515334,9.2053252,45.5153907
4838,9.2053614,45.5154124,9.2053252,45.5153907
4839,9.2060931,45.5166011,9.2060375,45.5166044
4840,9.2059824,45.5165595,9.2060375,45.5166044
4841,9.20693,45.5186485,9.207117,45.5185993
4842,9.2064781,45.5187519,9.2065457,45.5187342
4843,9.2063589,45.5184023,9.2065457,45.5187342
4844,9.2059043,45.5177311,9.2059707,45.5177127
4845,9.205974,45.5176996,9.2059707,45.5177127
4846,9.205944,45.5176448,9.205974,45.5176996
4847,9.2065309,45.5175398,9.205974,45.5176996
4848,9.2065013,45.5174887,9.2065309,45.5175398
4849,9.206967,45.5182551,9.2065309,45.5175398
4850,9.2042271,45.5180788,9.2042878,45.5181873
4851,9.2039912,45.5176571,9.2042271,45.5180788
4852,9.2049505,45.5191729,9.2050416,45.5191521
4853,9.2043773,45.5181616,9.2044663,45.5181361
4854,9.2044466,45.5180627,9.2044795,45.5181183
4855,9.2040771,45.5176321,9.2039663,45.5176087
4856,9.2039184,45.517514,9.2039663,45.5176087
4857,9.2051384,45.5197672,9.2051804,45.519832
4858,9.2047506,45.5203626,9.2051804,45.519832
4859,9.2042458,45.5210687,9.2047506,45.5203626
4860,9.203738,45.5176109,9.2039912,45.5176571
4861,9.2039663,45.5176087,9.2039912,45.5176571
4862,9.2033054,45.5178256,9.2033794,45.5175398
4863,9.201717,45.5180896,9.2033794,45.5175398
4864,9.205944,45.5176448,9.2065013,45.5174887
4865,9.2064913,45.5174715,9.2065013,45.5174887
4866,9.207117,45.5185993,9.2071294,45.5185448
4867,9.2072673,45.5187804,9.2072379,45.5187315
4868,9.2065178,45.5188225,9.2071413,45.5186446
4869,9.207117,45.5185993,9.2071413,45.5186446
4870,9.2071773,45.5187116,9.2066238,45.5188848
4871,9.2065633,45.5189019,9.2066238,45.5188848
4872,9.2065178,45.5188225,9.2065633,45.5189019
4873,9.2065026,45.518919,9.2065633,45.5189019
4874,9.2064786,45.518908,9.2065026,45.518919
4875,9.2066238,45.5188848,9.2065289,45.5201493
4876,9.2071413,45.5186446,9.2071773,45.5187116
4877,9.2072379,45.5187315,9.2071773,45.5187116
4878,9.2065026,45.518919,9.2063604,45.519948
4879,9.2064418,45.5188427,9.2064786,45.518908
4880,9.2051361,45.5192966,9.2064786,45.518908
4881,9.2050896,45.5192191,9.2051361,45.5192966
4882,9.2057329,45.519998,9.2051361,45.5192966
4883,9.2221981,45.5139163,9.2222029,45.5139432
4884,9.2054316,45.5141525,9.2054503,45.5141893
4885,9.207898,45.5144657,9.2079655,45.5144496
4886,9.2080252,45.5145435,9.208108,45.5144992
4887,9.208129,45.514488,9.2081387,45.5145033
4888,9.2060148,45.5151535,9.2060256,45.5151724
4889,9.2235195,45.5081488,9.2249389,45.5081261
4890,9.2141088,45.5208139,9.2142684,45.5211005
4891,9.2143871,45.5210691,9.2144676,45.5210486
4892,9.2135652,45.5194489,9.2144676,45.5210486
4893,9.2144403,45.5213769,9.2144105,45.5213863
4894,9.2144424,45.5214424,9.2144105,45.5213863
4895,9.2143009,45.5211825,9.2142814,45.5211477
4896,9.2142684,45.5211005,9.2142814,45.5211477
4897,9.2144403,45.5213769,9.2144053,45.5213171
4898,9.2144053,45.5213171,9.214405,45.5212567
4899,9.2134698,45.5194747,9.2135652,45.5194489
4900,9.2135958,45.519379,9.2135652,45.5194489
4901,9.2132337,45.5192917,9.2133616,45.5195039
4902,9.2126735,45.518308,9.2132337,45.5192917
4903,9.2135615,45.5193257,9.2135958,45.519379
4904,9.2152263,45.5189063,9.2135958,45.519379
4905,9.215295,45.5188287,9.2152722,45.518789
4906,9.2151771,45.5188197,9.2152722,45.518789
4907,9.2134702,45.5192739,9.2135301,45.5192811
4908,9.2133657,45.5192815,9.2134702,45.5192739
4909,9.2126118,45.5177496,9.2134702,45.5192739
4910,9.2125827,45.5177586,9.2126118,45.5177496
4911,9.2125617,45.5176593,9.2126118,45.5177496
4912,9.2123707,45.5177874,9.2123992,45.5178155
4913,9.2109415,45.5181265,9.2123377,45.5177248
4914,9.2123106,45.5176734,9.2123377,45.5177248
4915,9.210439,45.5183323,9.2123707,45.5177874
4916,9.2123377,45.5177248,9.2123707,45.5177874
4917,9.2124127,45.5178113,9.2123876,45.5177674
4918,9.2123599,45.517719,9.2123382,45.5176805
4919,9.2123382,45.5176805,9.212122,45.5172969
4920,9.21126,45.5157777,9.2111026,45.5155009
4921,9.2110864,45.5154723,9.2110679,45.5154398
4922,9.2105071,45.5139223,9.2105361,45.513975
4923,9.2105525,45.5139691,9.2105361,45.513975
4924,9.2105613,45.5139849,9.2105525,45.5139691
4925,9.2102622,45.5140806,9.2102971,45.5140907
4926,9.2101899,45.5139628,9.2102101,45.5139958
4927,9.2101662,45.5139244,9.2101899,45.5139628
4928,9.2088108,45.5142586,9.2101438,45.5138878
4929,9.2081716,45.5144003,9.2082308,45.51442
4930,9.2100886,45.513301,9.210161,45.5132815
4931,9.207856,45.5102006,9.2070373,45.5107588
4932,9.2069334,45.510572,9.2068685,45.5104928
4933,9.2067913,45.5103567,9.2068685,45.5104928
4934,9.2068685,45.5104928,9.2067913,45.5103567
4935,9.2064564,45.5107584,9.2069599,45.5106173
4936,9.2069886,45.5106664,9.2069599,45.5106173
4937,9.2069599,45.5106173,9.2069334,45.510572
4938,9.2068685,45.5104928,9.2070645,45.51044
4939,9.2074328,45.5107456,9.2080575,45.5102117
4940,9.2081774,45.51021,9.2080857,45.5101822
4941,9.2080905,45.5102208,9.2080857,45.5101822
4942,9.2088048,45.5119765,9.2080871,45.5107085
4943,9.2080525,45.5106474,9.2080871,45.5107085
4944,9.2053357,45.514112,9.2053575,45.5141531
4945,9.2028075,45.51131,9.2015239,45.5113758
4946,9.2026696,45.5110594,9.2028075,45.51131
4947,9.2029808,45.5112628,9.2028075,45.51131
4948,9.2026696,45.5110594,9.2028598,45.5110069
4949,9.2017244,45.5101994,9.2028598,45.5110069
4950,9.2142849,45.5190191,9.214308,45.5190625
4951,9.2135301,45.5192811,9.214308,45.5190625
4952,9.2150722,45.5188103,9.2150907,45.5188417
4953,9.214928,45.5188886,9.2150907,45.5188417
4954,9.2162878,45.5185932,9.2161735,45.5186271
4955,9.2153868,45.5188022,9.2161467,45.5185832
4956,9.2161735,45.5186271,9.2161467,45.5185832
4957,9.2133975,45.5174271,9.2125617,45.5176593
4958,9.2123813,45.5171979,9.2125617,45.5176593
4959,9.2142402,45.5173712,9.2141661,45.5172412
4960,9.2142736,45.5172104,9.2141661,45.5172412
4961,9.2150722,45.5188103,9.2143305,45.5190059
4962,9.2142511,45.5190503,9.2142736,45.5190807
4963,9.217483,45.5182789,9.2162878,45.5185932
4964,9.2172396,45.5203008,9.2162878,45.5185932
4965,9.2028598,45.5110069,9.2029815,45.5112226
4966,9.2027642,45.5097764,9.2028275,45.5097581
4967,9.2032463,45.5103089,9.2029163,45.509732
4968,9.2028631,45.5097478,9.2029163,45.509732
4969,9.2020331,45.5082791,9.2028631,45.5097478
4970,9.2028275,45.5097581,9.2028631,45.5097478
4971,9.201847,45.5083415,9.2026781,45.5098012
4972,9.20258,45.5098253,9.2026781,45.5098012
4973,9.221485,45.513997,9.2214709,45.5139489
4974,9.2032226,45.5157757,9.2038093,45.5156772
4975,9.205096,45.515325,9.2052592,45.5152803
4976,9.2046931,45.5142537,9.2046088,45.5141019
4977,9.205675,45.5159619,9.2053614,45.5154124
4978,9.2040826,45.5156662,9.2052913,45.515334
4979,9.2052592,45.5152803,9.2052913,45.515334
4980,9.2052779,45.5151815,9.2052271,45.5151957
4981,9.2052592,45.5152803,9.2052271,45.5151957
4982,9.2044224,45.51236,9.2045967,45.5126685
4983,9.2045393,45.5126844,9.2045967,45.5126685
4984,9.2043407,45.5123285,9.2045393,45.5126844
4985,9.2044725,45.5127028,9.2045393,45.5126844
4986,9.2043446,45.512738,9.2044725,45.5127028
4987,9.2041392,45.5123695,9.2043446,45.512738
4988,9.2042473,45.5127648,9.2043446,45.512738
4989,9.2042765,45.5128155,9.2042473,45.5127648
4990,9.2042714,45.512817,9.2042765,45.5128155
4991,9.204183,45.5128422,9.2042714,45.512817
4992,9.2049573,45.5142122,9.204183,45.5128422
4993,9.2104911,45.5245349,9.2105233,45.524526
4994,9.2040559,45.5128786,9.204183,45.5128422
4995,9.2039901,45.5128974,9.2040559,45.5128786
4996,9.2047225,45.5142049,9.2039901,45.5128974
4997,9.2039387,45.512912,9.2039901,45.5128974
4998,9.2046088,45.5141019,9.2039387,45.512912
4999,9.2068778,45.5148556,9.2069094,45.5149097
5000,9.2068693,45.5149494,9.206924,45.5149348
5001,9.2069094,45.5149097,9.206924,45.5149348
5002,9.2069231,45.5147657,9.2069802,45.5147507
5003,9.2070065,45.5147642,9.2069802,45.5147507
5004,9.2080867,45.5144205,9.2081716,45.5144003
5005,9.2079954,45.5140784,9.2081716,45.5144003
5006,9.2078652,45.514587,9.2078942,45.5146408
5007,9.2059231,45.5164543,9.2059275,45.5164044
5008,9.2093838,45.5226088,9.2094347,45.5226293
5009,9.2100604,45.5224491,9.2101234,45.522431
5010,9.210123,45.5224035,9.2101234,45.522431
5011,9.2097846,45.5216817,9.2100221,45.5222687
5012,9.2087468,45.5226744,9.2093268,45.5225129
5013,9.2088493,45.5227615,9.208906,45.5227448
5014,9.2093972,45.5235933,9.208906,45.5227448
5015,9.2093358,45.5236105,9.2093972,45.5235933
5016,9.2098944,45.5234573,9.2093972,45.5235933
5017,9.209662,45.5230285,9.2098944,45.5234573
5018,9.2093543,45.5225592,9.2093838,45.5226088
5019,9.208906,45.5227448,9.2093838,45.5226088
5020,9.210088,45.5223435,9.210123,45.5224035
5021,9.2110134,45.5221589,9.210123,45.5224035
5022,9.2104298,45.5222051,9.2109539,45.5220615
5023,9.2100221,45.5222687,9.2100654,45.5223049
5024,9.2079105,45.5185444,9.2096342,45.5214733
5025,9.2076705,45.5242014,9.207701,45.5242132
5026,9.2076394,45.5241479,9.2076705,45.5242014
5027,9.2056394,45.5247636,9.2076705,45.5242014
5028,9.2076229,45.5240765,9.2076132,45.5241028
5029,9.2071604,45.5232469,9.2076229,45.5240765
5030,9.2070901,45.5231816,9.2071196,45.5232365
5031,9.2060213,45.5235433,9.2071196,45.5232365
5032,9.2055566,45.5246553,9.2060213,45.5235433
5033,9.2059903,45.5234828,9.205971,45.5234483
5034,9.2069911,45.5227935,9.2063513,45.5233365
5035,9.205971,45.5234483,9.2063513,45.5233365
5036,9.2064752,45.5233465,9.2064563,45.5233133
5037,9.2063513,45.5233365,9.2064563,45.5233133
5038,9.2064563,45.5233133,9.207064,45.5231388
5039,9.2065866,45.5220617,9.2064945,45.5220874
5040,9.207064,45.5231388,9.2064945,45.5220874
5041,9.2064304,45.5219766,9.2063787,45.5218874
5042,9.2063526,45.5218951,9.2063787,45.5218874
5043,9.206172,45.5204583,9.2060178,45.5206962
5044,9.2057329,45.519998,9.2060178,45.5206962
5045,9.2060349,45.5207852,9.2061253,45.5210578
5046,9.2061716,45.5210454,9.2061253,45.5210578
5047,9.2062559,45.5211375,9.2062534,45.5212955
5048,9.2061253,45.5210578,9.2062534,45.5212955
5049,9.2062532,45.5214758,9.2063408,45.521452
5050,9.2062534,45.5212955,9.2063408,45.521452
5051,9.2065706,45.5220341,9.2066612,45.5220112
5052,9.2066112,45.5219256,9.2066612,45.5220112
5053,9.2066612,45.5220112,9.2073074,45.5230735
5054,9.207823,45.5229793,9.2078007,45.5229384
5055,9.2073074,45.5230735,9.2078007,45.5229384
5056,9.2081753,45.5224697,9.2085927,45.522715
5057,9.2078007,45.5229384,9.2085927,45.522715
5058,9.208769,45.5227181,9.2087468,45.5226744
5059,9.2085927,45.522715,9.2087468,45.5226744
5060,9.209407,45.5224619,9.2093626,45.5224759
5061,9.2093268,45.5225129,9.2093626,45.5224759
5062,9.2104303,45.5183936,9.210439,45.5183323
5063,9.2103522,45.5184154,9.2104303,45.5183936
5064,9.2104489,45.5184271,9.2104303,45.5183936
5065,9.2105217,45.5191112,9.2101566,45.5184698
5066,9.2109539,45.5220615,9.212006,45.5217664
5067,9.2120257,45.5218024,9.212068,45.5218787
5068,9.2121168,45.5219173,9.212068,45.5218787
5069,9.2140032,45.5257709,9.2142174,45.5257118
5070,9.2122702,45.526229,9.2123023,45.5262403
5071,9.212208,45.5262468,9.2122702,45.526229
5072,9.2115681,45.5249986,9.2122702,45.526229
5073,9.2071196,45.5232365,9.2071604,45.5232469
5074,9.2085639,45.5238369,9.2092788,45.5236264
5075,9.2078076,45.5240243,9.2078438,45.5240382
5076,9.2077161,45.5240502,9.2078076,45.5240243
5077,9.2073386,45.5231961,9.2078076,45.5240243
5078,9.2072401,45.5232242,9.2073386,45.5231961
5079,9.2073617,45.5231662,9.2073386,45.5231961
5080,9.2073315,45.5231146,9.2073617,45.5231662
5081,9.2085596,45.5228369,9.2073617,45.5231662
5082,9.2092788,45.5236264,9.2088047,45.5227747
5083,9.2120028,45.5271837,9.2124411,45.5279747
5084,9.2108255,45.5251208,9.2108529,45.525116
5085,9.2105233,45.524526,9.2108529,45.525116
5086,9.2110994,45.5265828,9.2110868,45.5265609
5087,9.2110072,45.5265809,9.2110868,45.5265609
5088,9.210944,45.5264698,9.2110072,45.5265809
5089,9.210969,45.5265905,9.2110072,45.5265809
5090,9.2099982,45.5248906,9.210969,45.5265905
5091,9.2112491,45.5266212,9.2110994,45.5265828
5092,9.210969,45.5265905,9.2110994,45.5265828
5093,9.2110504,45.5264447,9.2110235,45.526451
5094,9.2110868,45.5265609,9.2110235,45.526451
5095,9.2093584,45.5236614,9.2094062,45.5237446
5096,9.2093593,45.5237589,9.2094062,45.5237446
5097,9.2086251,45.5239454,9.2093593,45.5237589
5098,9.2108009,45.5257828,9.210667,45.5258197
5099,9.2106914,45.5258639,9.210667,45.5258197
5100,9.2106506,45.52579,9.2103385,45.5252458
5101,9.2103123,45.5241521,9.2105233,45.524526
5102,9.210278,45.5241613,9.2103123,45.5241521
5103,9.2099594,45.5235738,9.2103123,45.5241521
5104,9.2099242,45.5235107,9.2099594,45.5235738
5105,9.2094706,45.5237253,9.2099594,45.5235738
5106,9.2097946,45.5242911,9.2094706,45.5237253
5107,9.2094062,45.5237446,9.2094706,45.5237253
5108,9.2048519,45.5191955,9.205097,45.5197032
5109,9.204695,45.5189151,9.2048519,45.5191955
5110,9.2040883,45.5211995,9.2041143,45.5212152
5111,9.2036995,45.5213793,9.2041143,45.5212152
5112,9.205097,45.5197032,9.2040318,45.5211654
5113,9.2050639,45.5215841,9.2041571,45.5221772
5114,9.2040747,45.522201,9.2041571,45.5221772
5115,9.2036243,45.5214016,9.2040747,45.522201
5116,9.2040029,45.5222217,9.2040747,45.522201
5117,9.2022245,45.5232851,9.2035843,45.5229565
5118,9.2035584,45.5229103,9.2035843,45.5229565
5119,9.2036047,45.5228973,9.2035584,45.5229103
5120,9.2035364,45.5228711,9.2035584,45.5229103
5121,9.2040029,45.5222217,9.2035364,45.5228711
5122,9.2035719,45.524258,9.2032824,45.5241705
5123,9.203303,45.5241439,9.2032824,45.5241705
5124,9.2027753,45.524231,9.203303,45.5241439
5125,9.2035843,45.5229565,9.203303,45.5241439
5126,9.2035364,45.5228711,9.2022245,45.5232851
5127,9.2035584,45.5229103,9.2022245,45.5232851
5128,9.2035563,45.5214218,9.2040029,45.5222217
5129,9.2014524,45.5219921,9.2035563,45.5214218
5130,9.2014588,45.5220037,9.2014524,45.5219921
5131,9.2014298,45.5219506,9.201411,45.5219187
5132,9.2040318,45.5211654,9.201411,45.5219187
5133,9.2041143,45.5212152,9.2042458,45.5210687
5134,9.2036243,45.5214016,9.2036995,45.5213793
5135,9.2041571,45.5221772,9.2036995,45.5213793
5136,9.20548,45.5246761,9.2055566,45.5246553
5137,9.2055827,45.5246675,9.2055566,45.5246553
5138,9.2076132,45.5241028,9.2055827,45.5246675
5139,9.2056076,45.5247096,9.2056394,45.5247636
5140,9.2062979,45.5259448,9.2056394,45.5247636
5141,9.2062097,45.525972,9.2062979,45.5259448
5142,9.2063224,45.525953,9.2062979,45.5259448
5143,9.2079854,45.5254876,9.2063224,45.525953
5144,9.2078882,45.5245465,9.2083501,45.5253632
5145,9.208439,45.5253386,9.2085424,45.5253099
5146,9.2086268,45.525448,9.2085424,45.5253099
5147,9.209374,45.5250179,9.2085106,45.5252528
5148,9.2085424,45.5253099,9.2085106,45.5252528
5149,9.2077942,45.5241868,9.2078871,45.5241606
5150,9.2080772,45.5244947,9.2078871,45.5241606
5151,9.2078678,45.5240854,9.2078968,45.5241426
5152,9.2078871,45.5241606,9.2078968,45.5241426
5153,9.2131301,45.5267629,9.2126509,45.5269026
5154,9.2126872,45.5269664,9.2126509,45.5269026
5155,9.2146587,45.5264149,9.2126872,45.5269664
5156,9.2126509,45.5269026,9.2126365,45.5268773
5157,9.212699,45.5263288,9.2126365,45.5268773
5158,9.2122527,45.5263271,9.212579,45.5268705
5159,9.2126249,45.5268571,9.212579,45.5268705
5160,9.2126365,45.5268773,9.2126249,45.5268571
5161,9.2132818,45.526047,9.2123372,45.5263021
5162,9.2123023,45.5262403,9.2123372,45.5263021
5163,9.2120107,45.5263031,9.2121397,45.5262663
5164,9.212579,45.5268705,9.2125183,45.5268881
5165,9.212451,45.5267766,9.2125183,45.5268881
5166,9.2121937,45.5263642,9.2122383,45.5264412
5167,9.2121682,45.5263179,9.2121937,45.5263642
5168,9.2123372,45.5263021,9.2123989,45.5264113
5169,9.2126249,45.5268571,9.2123989,45.5264113
5170,9.2114259,45.525958,9.2116714,45.5264
5171,9.2116267,45.5264128,9.2116714,45.5264
5172,9.2115164,45.5250103,9.212208,45.5262468
5173,9.2121397,45.5262663,9.212208,45.5262468
5174,9.2120081,45.5262984,9.2120107,45.5263031
5175,9.2118405,45.5263518,9.2120107,45.5263031
5176,9.2117057,45.5263902,9.2118397,45.526352
5177,9.21184,45.5263526,9.2118397,45.526352
5178,9.2116714,45.5264,9.2117057,45.5263902
5179,9.2117094,45.526554,9.2116267,45.5264128
5180,9.2115817,45.5264256,9.2116267,45.5264128
5181,9.2110447,45.5254609,9.2115817,45.5264256
5182,9.2110235,45.526451,9.2106914,45.5258639
5183,9.210667,45.5258197,9.2106506,45.52579
5184,9.2102151,45.5250271,9.2101181,45.5248558
5185,9.2100574,45.5248735,9.2099982,45.5248906
5186,9.2098628,45.524931,9.2099982,45.5248906
5187,9.2093593,45.5237589,9.2099982,45.5248906
5188,9.2085894,45.523882,9.2086251,45.5239454
5189,9.2078968,45.5241426,9.2086251,45.5239454
5190,9.2078438,45.5240382,9.2085639,45.5238369
5191,9.2143074,45.5258679,9.2143556,45.5258776
5192,9.2063452,45.5260189,9.2063662,45.5260793
5193,9.2062838,45.5261189,9.2063662,45.5260793
5194,9.2054131,45.5246943,9.2061423,45.5259929
5195,9.2061423,45.5259929,9.2061076,45.5260221
5196,9.20878,45.5256962,9.2087658,45.5257008
5197,9.2092335,45.5265405,9.2087658,45.5257008
5198,9.2091402,45.5265665,9.2092335,45.5265405
5199,9.2100607,45.5279949,9.2092335,45.5265405
5200,9.2083997,45.5255177,9.2090372,45.5265952
5201,9.2064263,45.5267181,9.2065087,45.5268217
5202,9.2063822,45.5266401,9.2064263,45.5267181
5203,9.2057822,45.5269008,9.2064263,45.5267181
5204,9.2057385,45.5268186,9.2057822,45.5269008
5205,9.2058248,45.5270119,9.2057822,45.5269008
5206,9.2063371,45.5265602,9.2057011,45.5267484
5207,9.2062882,45.5264675,9.2063371,45.5265602
5208,9.2062471,45.5263931,9.2062882,45.5264675
5209,9.2056505,45.526649,9.2062882,45.5264675
5210,9.2056054,45.5265735,9.2056505,45.526649
5211,9.2057011,45.5267484,9.2056505,45.526649
5212,9.2052539,45.5262417,9.2052278,45.5262494
5213,9.2035734,45.5267991,9.203738,45.5268064
5214,9.203737,45.5268046,9.203738,45.5268064
5215,9.2042117,45.5266249,9.2042356,45.5266681
5216,9.203738,45.5268064,9.2042356,45.5266681
5217,9.2043909,45.5265739,9.2042117,45.5266249
5218,9.2041697,45.5265492,9.2042117,45.5266249
5219,9.2052998,45.5263925,9.2056739,45.5270446
5220,9.2052703,45.5263827,9.2052998,45.5263925
5221,9.2052531,45.5263288,9.2052703,45.5263827
5222,9.2049231,45.5264771,9.2052703,45.5263827
5223,9.2049739,45.526569,9.2049231,45.5264771
5224,9.2042356,45.5266681,9.2049231,45.5264771
5225,9.2056293,45.5261451,9.2052539,45.5262417
5226,9.2047914,45.5237781,9.2054131,45.5246943
5227,9.2053829,45.5263636,9.2054516,45.5263397
5228,9.2055613,45.5264996,9.2054516,45.5263397
5229,9.2062037,45.5263145,9.2055613,45.5264996
5230,9.2061333,45.5261633,9.2062037,45.5263145
5231,9.2060843,45.5261492,9.2061333,45.5261633
5232,9.2060952,45.5260892,9.2060843,45.5261492
5233,9.2058457,45.5262158,9.2060843,45.5261492
5234,9.2083309,45.5254544,9.2083628,45.5255115
5235,9.2078328,45.5256551,9.2083628,45.5255115
5236,9.2062203,45.5261376,9.2062838,45.5261189
5237,9.2064294,45.5263726,9.2062838,45.5261189
5238,9.2090372,45.5265952,9.2080839,45.5282486
5239,9.2085268,45.5254787,9.2086268,45.525448
5240,9.2087658,45.5257008,9.2086268,45.525448
5241,9.2083628,45.5255115,9.2083997,45.5255177
5242,9.2083501,45.5253632,9.2082986,45.5253967
5243,9.2055131,45.5247359,9.2056076,45.5247096
5244,9.2055827,45.5246675,9.2056076,45.5247096
5245,9.2050152,45.5238141,9.20548,45.5246761
5246,9.2054131,45.5246943,9.20548,45.5246761
5247,9.2100118,45.5246677,9.2097946,45.5242911
5248,9.2040445,45.5157304,9.2041096,45.5157137
5249,9.2047235,45.5167956,9.2041096,45.5157137
5250,9.2059923,45.5208187,9.2060349,45.5207852
5251,9.2060178,45.5206962,9.2060349,45.5207852
5252,9.2057773,45.5208619,9.2058277,45.5209484
5253,9.2056983,45.5207542,9.2057575,45.5208281
5254,9.2019265,45.5136732,9.2021768,45.5141093
5255,9.2019265,45.5136732,9.2021768,45.5141093
5256,9.2032066,45.5158007,9.2031949,45.515819
5257,9.203067,45.5158518,9.2031949,45.515819
5258,9.2106609,45.5189657,9.2107325,45.5189409
5259,9.2022337,45.5142084,9.2032226,45.5157757
5260,9.203175,45.5160418,9.2032886,45.5160089
5261,9.2032702,45.5159435,9.2032886,45.5160089
5262,9.2021405,45.5256215,9.1972196,45.5262051
5263,9.2123768,45.5218463,9.212404,45.5218027
5264,9.2123588,45.5217206,9.212404,45.5218027
5265,9.2143009,45.5211825,9.2123588,45.5217206
5266,9.2123213,45.5216525,9.2123588,45.5217206
5267,9.2128135,45.5215288,9.2123213,45.5216525
5268,9.2112703,45.5200568,9.2121938,45.5216641
5269,9.2120562,45.5216977,9.2121938,45.5216641
5270,9.2121004,45.5217841,9.2120562,45.5216977
5271,9.2119965,45.5217123,9.2120562,45.5216977
5272,9.212006,45.5217664,9.2119965,45.5217123
5273,9.2122468,45.5217481,9.21231,45.5218646
5274,9.212168,45.5219034,9.21231,45.5218646
5275,9.2128249,45.5230814,9.212168,45.5219034
5276,9.2121168,45.5219173,9.212168,45.5219034
5277,9.2130562,45.5235752,9.2121168,45.5219173
5278,9.2121004,45.5217841,9.2120257,45.5218024
5279,9.212006,45.5217664,9.2120257,45.5218024
5280,9.2125323,45.5221024,9.2123768,45.5218463
5281,9.21231,45.5218646,9.2123768,45.5218463
5282,9.2126107,45.5222416,9.2125323,45.5221024
5283,9.2121938,45.5216641,9.2122728,45.5216448
5284,9.2123213,45.5216525,9.2122728,45.5216448
5285,9.2112573,45.5198504,9.2107325,45.5189409
5286,9.2112703,45.5200568,9.2113601,45.5200319
5287,9.2122728,45.5216448,9.2113601,45.5200319
5288,9.2112166,45.5199612,9.2112703,45.5200568
5289,9.2111561,45.5200885,9.2112703,45.5200568
5290,9.2110863,45.5201078,9.2111561,45.5200885
5291,9.2120562,45.5216977,9.2111561,45.5200885
5292,9.2117903,45.5213486,9.2110863,45.5201078
5293,9.2111716,45.5198757,9.2112573,45.5198504
5294,9.2113601,45.5200319,9.2112573,45.5198504
5295,9.2106609,45.5189657,9.2111716,45.5198757
5296,9.2110576,45.5199093,9.2111716,45.5198757
5297,9.2111063,45.5199952,9.2110576,45.5199093
5298,9.2109857,45.5199305,9.2110576,45.5199093
5299,9.2110863,45.5201078,9.2109857,45.5199305
5300,9.2108488,45.511154,9.2109246,45.5112837
5301,9.2109581,45.5113648,9.2110005,45.5114408
5302,9.2119309,45.5100279,9.2118873,45.5100385
5303,9.2118391,45.5100243,9.2118873,45.5100385
5304,9.2101074,45.5094535,9.2101861,45.5094465
5305,9.210193,45.5094608,9.2101861,45.5094465
5306,9.2099412,45.5094823,9.2099355,45.5094688
5307,9.2101593,45.5094809,9.2101983,45.5094719
5308,9.2102051,45.5094858,9.2101983,45.5094719
5309,9.2105341,45.5100357,9.2118391,45.5100243
5310,9.2112673,45.5101998,9.2118391,45.5100243
5311,9.2133203,45.5122565,9.2133929,45.512245
5312,9.2121427,45.5099743,9.2133929,45.512245
5313,9.2127956,45.5123904,9.2131252,45.5123039
5314,9.2131513,45.5123493,9.2131846,45.5124069
5315,9.21207,45.5127187,9.2131846,45.5124069
5316,9.211894,45.5126284,9.2119844,45.5126011
5317,9.2116494,45.5120019,9.2119844,45.5126011
5318,9.2054094,45.509485,9.2063384,45.5092248
5319,9.2046948,45.5108469,9.2056907,45.5105688
5320,9.2056563,45.5105068,9.2056907,45.5105688
5321,9.2092619,45.5084932,9.2093528,45.5085402
5322,9.2103008,45.5075497,9.2093528,45.5085402
5323,9.2090801,45.5084596,9.209152,45.5084364
5324,9.2089835,45.5086804,9.208987,45.5086966
5325,9.2089102,45.5087816,9.208987,45.5086966
5326,9.2089835,45.5086804,9.2089678,45.5086142
5327,9.2089399,45.5085904,9.2089678,45.5086142
5328,9.2091267,45.5086451,9.2090086,45.5085724
5329,9.2089678,45.5086142,9.2090086,45.5085724
5330,9.2090437,45.5084936,9.2090761,45.5085113
5331,9.2090086,45.5085724,9.2090761,45.5085113
5332,9.2086348,45.5084151,9.2089399,45.5085904
5333,9.2089793,45.5085536,9.2089399,45.5085904
5334,9.2090437,45.5084936,9.2089793,45.5085536
5335,9.2090086,45.5085724,9.2089793,45.5085536
5336,9.2088664,45.5084046,9.2090437,45.5084936
5337,9.2090801,45.5084596,9.2090437,45.5084936
5338,9.2089506,45.5083892,9.2090801,45.5084596
5339,9.2077116,45.5078096,9.2077544,45.5078336
5340,9.2076064,45.5069817,9.2088935,45.5083576
5341,9.208849,45.5083359,9.2088935,45.5083576
5342,9.2085662,45.5083207,9.2086348,45.5084151
5343,9.2123962,45.5134355,9.2123981,45.5134379
5344,9.2123618,45.5134486,9.2123981,45.5134379
5345,9.2124579,45.5134722,9.2124336,45.5134274
5346,9.2123981,45.5134379,9.2124336,45.5134274
5347,9.2122901,45.5133268,9.2123618,45.5134486
5348,9.2122656,45.5134769,9.2123618,45.5134486
5349,9.21229,45.513519,9.2122656,45.5134769
5350,9.2121829,45.5135014,9.2122656,45.5134769
5351,9.2122084,45.5135427,9.2121829,45.5135014
5352,9.2076152,45.5069198,9.2089506,45.5083892
5353,9.2088935,45.5083576,9.2089506,45.5083892
5354,9.2076021,45.5070116,9.208849,45.5083359
5355,9.2088034,45.5089075,9.2089102,45.5087816
5356,9.2079397,45.5100707,9.2078776,45.510051
5357,9.2078707,45.5100606,9.2078776,45.510051
5358,9.207879,45.5100772,9.2078613,45.5100721
5359,9.2070265,45.5106558,9.2078613,45.5100721
5360,9.2079618,45.513987,9.2079475,45.5139909
5361,9.207684,45.5135308,9.2079475,45.5139909
5362,9.2079475,45.5139909,9.2079954,45.5140784
5363,9.208275,45.5144969,9.2082948,45.5145314
5364,9.2082505,45.5144544,9.208275,45.5144969
5365,9.2208304,45.5184156,9.2209384,45.5186348
5366,9.2070335,45.5148133,9.2078652,45.514587
5367,9.2078322,45.5145259,9.2078652,45.514587
5368,9.2177955,45.5114235,9.2188939,45.5106801
5369,9.2185054,45.5115343,9.218544,45.5115447
5370,9.2189635,45.511666,9.218544,45.5115447
5371,9.2201411,45.5119786,9.2208103,45.5104297
5372,9.218544,45.5115447,9.2208103,45.5104297
5373,9.2207903,45.5103561,9.2194695,45.5097908
5374,9.2207947,45.5104062,9.2207903,45.5103561
5375,9.2212871,45.5103497,9.2207903,45.5103561
5376,9.2212133,45.5090185,9.2212871,45.5103497
5377,9.2204301,45.5090391,9.2212133,45.5090185
5378,9.2219945,45.5090095,9.2219761,45.5103725
5379,9.2213414,45.5090156,9.2219945,45.5090095
5380,9.2212802,45.509017,9.2213414,45.5090156
5381,9.2213754,45.5103483,9.2213414,45.5090156
5382,9.2220177,45.5103723,9.2220438,45.5103721
5383,9.2230008,45.5103876,9.2220438,45.5103721
5384,9.222029,45.5090093,9.2220602,45.5090091
5385,9.2220438,45.5103721,9.2220602,45.5090091
5386,9.2223455,45.5089127,9.2204569,45.5089531
5387,9.2223452,45.5089499,9.2223455,45.5089127
5388,9.2233913,45.5088648,9.2223455,45.5089127
5389,9.2209411,45.5077515,9.2197696,45.5077755
5390,9.2230178,45.5077057,9.2212738,45.5077241
5391,9.2212496,45.5077248,9.2212738,45.5077241
5392,9.2211485,45.5077891,9.22115,45.5078354
5393,9.2197984,45.5078639,9.22115,45.5078354
5394,9.2210779,45.5077487,9.2211473,45.5077493
5395,9.2228103,45.5070099,9.2228218,45.5070534
5396,9.2212738,45.5077241,9.2228218,45.5070534
5397,9.2211473,45.5077493,9.2211815,45.5077248
5398,9.2210094,45.507749,9.2209411,45.5077515
5399,9.2211778,45.5076832,9.2210779,45.5077487
5400,9.2211745,45.5076301,9.2211778,45.5076832
5401,9.2211815,45.5077248,9.2211778,45.5076832
5402,9.2211509,45.5071147,9.2211707,45.5075673
5403,9.2212045,45.5071104,9.2211509,45.5071147
5404,9.2227951,45.5069536,9.2211509,45.5071147
5405,9.222727,45.5067792,9.2227951,45.5069536
5406,9.218294,45.5103177,9.218282,45.5102939
5407,9.2193867,45.5097365,9.218282,45.5102939
5408,9.2148105,45.511618,9.2147049,45.5118614
5409,9.2148666,45.5115996,9.2148105,45.511618
5410,9.2152073,45.5115802,9.2149333,45.5115788
5411,9.2170758,45.5113505,9.2170708,45.5114351
5412,9.2152898,45.5111254,9.2170708,45.5114351
5413,9.217639,45.5116355,9.2177379,45.51152
5414,9.2170708,45.5114351,9.2177379,45.51152
5415,9.2189129,45.5117478,9.219954,45.5120404
5416,9.2201438,45.5120306,9.2201203,45.5120743
5417,9.2200992,45.5120793,9.2201203,45.5120743
5418,9.2213286,45.5123863,9.2212844,45.5128242
5419,9.2210803,45.5123266,9.2213286,45.5123863
5420,9.2214362,45.5124149,9.2215352,45.5124413
5421,9.2214158,45.5129901,9.2215352,45.5124413
5422,9.2223985,45.512558,9.2223888,45.512593
5423,9.2215352,45.5124413,9.2223888,45.512593
5424,9.2222887,45.5134396,9.2223117,45.5134581
5425,9.2213214,45.5103492,9.2213754,45.5103483
5426,9.2219761,45.5103725,9.2213754,45.5103483
5427,9.2193672,45.5117742,9.2193284,45.5117638
5428,9.2193284,45.5117638,9.21912,45.5117079
5429,9.2189387,45.5117065,9.2189635,45.511666
5430,9.21912,45.5117079,9.2189635,45.511666
5431,9.2183833,45.511609,9.2189129,45.5117478
5432,9.218412,45.5115609,9.2183833,45.511609
5433,9.2182107,45.5115852,9.2183833,45.511609
5434,9.2180817,45.5120562,9.218148,45.5115766
5435,9.2180885,45.5115684,9.218148,45.5115766
5436,9.218148,45.5115766,9.2182107,45.5115852
5437,9.2177379,45.51152,9.2180885,45.5115684
5438,9.2188939,45.5106801,9.2184563,45.511521
5439,9.2184563,45.511521,9.2184305,45.5115297
5440,9.2184305,45.5115297,9.2177955,45.5114235
5441,9.217729,45.5114144,9.2176466,45.5114033
5442,9.2180097,45.5107165,9.2176466,45.5114033
5443,9.2147345,45.5110952,9.2148066,45.511069
5444,9.2150238,45.5110713,9.2148066,45.511069
5445,9.2144603,45.5108381,9.214674,45.5111171
5446,9.2211237,45.5122497,9.2201665,45.5119884
5447,9.2200131,45.5120562,9.2200992,45.5120793
5448,9.219895,45.5134825,9.2200992,45.5120793
5449,9.2235636,45.5124895,9.2235485,45.5125404
5450,9.224336,45.5135667,9.2235485,45.5125404
5451,9.22245,45.5126343,9.2225074,45.5126455
5452,9.2235485,45.5125404,9.2225074,45.5126455
5453,9.2223888,45.512593,9.2224188,45.5126282
5454,9.2211086,45.5122765,9.2210803,45.5123266
5455,9.2201203,45.5120743,9.2210803,45.5123266
5456,9.2214135,45.5139849,9.2209593,45.5140337
5457,9.2209529,45.5140047,9.2209593,45.5140337
5458,9.2209457,45.513972,9.2209529,45.5140047
5459,9.2208966,45.5139774,9.2209457,45.513972
5460,9.2196001,45.5140699,9.2208436,45.5138784
5461,9.2197567,45.5135561,9.2208436,45.5138784
5462,9.2210076,45.5139822,9.2209713,45.5139698
5463,9.2209457,45.513972,9.2209713,45.5139698
5464,9.2208629,45.5138163,9.2208966,45.5139774
5465,9.2208599,45.5139811,9.2208966,45.5139774
5466,9.2208436,45.5138784,9.2208599,45.5139811
5467,9.2208629,45.5138163,9.2209495,45.5138055
5468,9.2209713,45.5139698,9.2209495,45.5138055
5469,9.2198258,45.5134602,9.219895,45.5134825
5470,9.2209495,45.5138055,9.219895,45.5134825
5471,9.2197316,45.5134895,9.2197071,45.5135427
5472,9.2193944,45.5134754,9.2197071,45.5135427
5473,9.2198232,45.5137061,9.2197567,45.5135561
5474,9.2197071,45.5135427,9.2197567,45.5135561
5475,9.2197817,45.5134459,9.2197475,45.5134548
5476,9.219954,45.5120404,9.2197817,45.5134459
5477,9.2223117,45.5134581,9.2235989,45.5136675
5478,9.2235339,45.5136781,9.223476,45.5136877
5479,9.2233631,45.5136183,9.223476,45.5136877
5480,9.2236055,45.5141904,9.2234987,45.5137908
5481,9.2225074,45.5126455,9.2222887,45.5134396
5482,9.2222305,45.513436,9.2222887,45.5134396
5483,9.2222205,45.5134966,9.2222305,45.513436
5484,9.2221857,45.5134332,9.2222305,45.513436
5485,9.2224188,45.5126282,9.2221857,45.5134332
5486,9.2234699,45.5136909,9.2233591,45.5137058
5487,9.2233631,45.5136183,9.2233591,45.5137058
5488,9.2222989,45.5135511,9.2233631,45.5136183
5489,9.222306,45.5134995,9.2222989,45.5135511
5490,9.2221842,45.5138814,9.2222989,45.5135511
5491,9.2221932,45.5138891,9.2221842,45.5138814
5492,9.2221402,45.5138758,9.2220813,45.5138672
5493,9.2221857,45.5134332,9.2220813,45.5138672
5494,9.2191981,45.5154557,9.2193965,45.5154154
5495,9.2187873,45.5155392,9.2191981,45.5154557
5496,9.2217109,45.5148951,9.2187688,45.5155012
5497,9.2187374,45.5154367,9.2187688,45.5155012
5498,9.2216881,45.514832,9.2187374,45.5154367
5499,9.2217109,45.5148951,9.221731,45.5149504
5500,9.2193965,45.5154154,9.221731,45.5149504
5501,9.2192986,45.5161293,9.2187873,45.5155392
5502,9.2187688,45.5155012,9.2187873,45.5155392
5503,9.2192351,45.5162816,9.2192808,45.5163295
5504,9.2177449,45.5145142,9.2190166,45.516056
5505,9.2216961,45.5146616,9.2216881,45.514832
5506,9.2209865,45.5141489,9.2215063,45.5140694
5507,9.2197282,45.5142833,9.2197454,45.5143387
5508,9.2180054,45.5146004,9.2197454,45.5143387
5509,9.2179821,45.5145352,9.2180054,45.5146004
5510,9.2182401,45.5149424,9.2180054,45.5146004
5511,9.2187374,45.5154367,9.2182401,45.5149424
5512,9.2209642,45.5140556,9.2209694,45.5140793
5513,9.2209085,45.5140398,9.2209196,45.5140856
5514,9.2209694,45.5140793,9.2209196,45.5140856
5515,9.2209196,45.5140856,9.2208184,45.5140986
5516,9.2178056,45.5145049,9.2178632,45.5144961
5517,9.2179668,45.5144911,9.2178632,45.5144961
5518,9.2183209,45.5143058,9.217809,45.5144241
5519,9.2178632,45.5144961,9.217809,45.5144241
5520,9.2223371,45.5165203,9.2224098,45.5165096
5521,9.2225879,45.5170841,9.2224098,45.5165096
5522,9.2222226,45.5163942,9.222265,45.5165308
5523,9.2224514,45.5164287,9.2224654,45.5164826
5524,9.2224098,45.5165096,9.2224654,45.5164826
5525,9.2223714,45.5163666,9.2224381,45.5163777
5526,9.2221154,45.5160434,9.2222226,45.5163942
5527,9.222185,45.5160327,9.2222658,45.5160202
5528,9.2222163,45.5158503,9.2222658,45.5160202
5529,9.2202095,45.516297,9.2221154,45.5160434
5530,9.2217604,45.5146523,9.2218979,45.5146323
5531,9.2224775,45.5144989,9.2218979,45.5146323
5532,9.2215307,45.5141124,9.2216961,45.5146616
5533,9.2221398,45.5139428,9.2222712,45.5144272
5534,9.2223333,45.5144177,9.2222712,45.5144272
5535,9.2215321,45.5140376,9.2215953,45.5141049
5536,9.2215307,45.5141124,9.2215953,45.5141049
5537,9.2215063,45.5140694,9.2215307,45.5141124
5538,9.2216465,45.514099,9.2221896,45.5144397
5539,9.2222712,45.5144272,9.2221896,45.5144397
5540,9.2215953,45.5141049,9.2216465,45.514099
5541,9.2221932,45.5138891,9.2221981,45.5139163
5542,9.2236165,45.5143364,9.2227342,45.5144649
5543,9.2227342,45.5144649,9.2225078,45.5144948
5544,9.2224594,45.5144427,9.2224775,45.5144989
5545,9.2225078,45.5144948,9.2224775,45.5144989
5546,9.223734,45.5143554,9.2238027,45.5143435
5547,9.2224381,45.5163777,9.2236641,45.5143589
5548,9.2224654,45.5164826,9.2226111,45.5171048
5549,9.2225158,45.5170951,9.2225879,45.5170841
5550,9.2226111,45.5171048,9.2225879,45.5170841
5551,9.222293,45.5163812,9.2223714,45.5163666
5552,9.2222658,45.5160202,9.2223714,45.5163666
5553,9.222553,45.517225,9.2224751,45.5172376
5554,9.2224364,45.5171073,9.2224751,45.5172376
5555,9.2236014,45.5142805,9.2236165,45.5143364
5556,9.2236641,45.5143589,9.2236165,45.5143364
5557,9.220863,45.518042,9.2195802,45.5163907
5558,9.2195565,45.5163289,9.2195802,45.5163907
5559,9.2194047,45.5163514,9.2195565,45.5163289
5560,9.2195432,45.5162944,9.2195565,45.5163289
5561,9.2201771,45.5161978,9.2195432,45.5162944
5562,9.2193507,45.5162978,9.2194278,45.5162627
5563,9.2195432,45.5162944,9.2194278,45.5162627
5564,9.2208184,45.5140986,9.2179668,45.5144911
5565,9.2175105,45.5141972,9.2177449,45.5145142
5566,9.2232256,45.5191481,9.2232746,45.5191678
5567,9.2231325,45.5191618,9.2232256,45.5191481
5568,9.2230694,45.5184927,9.2232256,45.5191481
5569,9.2230531,45.518427,9.2230694,45.5184927
5570,9.2249657,45.5186693,9.2230694,45.5184927
5571,9.2232746,45.5191678,9.2249657,45.5186693
5572,9.2230158,45.5192059,9.2214561,45.5194408
5573,9.2228145,45.5183826,9.2230607,45.5191723
5574,9.2208998,45.5181288,9.2221025,45.5179467
5575,9.2228715,45.5178414,9.224273,45.5176221
5576,9.2226241,45.5171456,9.2226399,45.5171952
5577,9.2227908,45.5177235,9.2226399,45.5171952
5578,9.2226399,45.5171952,9.2238674,45.5170108
5579,9.2235067,45.5200271,9.2235247,45.5200873
5580,9.2255431,45.5206036,9.2235247,45.5200873
5581,9.2237554,45.5209253,9.2255431,45.5206036
5582,9.2236124,45.5209496,9.2220576,45.5212727
5583,9.2232634,45.5200083,9.2217477,45.5202513
5584,9.2214711,45.5194922,9.2214882,45.5195503
5585,9.2217477,45.5202513,9.2214882,45.5195503
5586,9.2234539,45.5199521,9.2234918,45.5199774
5587,9.2234918,45.5199774,9.2250861,45.5190382
5588,9.224273,45.5176221,9.2230417,45.5183806
5589,9.2228971,45.5183717,9.2229827,45.5183604
5590,9.2230417,45.5183806,9.2229827,45.5183604
5591,9.2226604,45.5178954,9.2228145,45.5183826
5592,9.222265,45.5165308,9.2224364,45.5171073
5593,9.222856,45.5177865,9.2228715,45.5178414
5594,9.2228269,45.5178718,9.2228715,45.5178414
5595,9.2238674,45.5170108,9.2228448,45.5177469
5596,9.2227549,45.517882,9.2228269,45.5178718
5597,9.2229827,45.5183604,9.2228269,45.5178718
5598,9.222612,45.5178737,9.2226604,45.5178954
5599,9.2226238,45.5177446,9.2225865,45.5177807
5600,9.222599,45.5178251,9.222612,45.5178737
5601,9.2221025,45.5179467,9.222612,45.5178737
5602,9.2227116,45.5177335,9.2227908,45.5177235
5603,9.2228448,45.5177469,9.2227908,45.5177235
5604,9.2224751,45.5172376,9.2226238,45.5177446
5605,9.2210193,45.5186175,9.2211045,45.5185992
5606,9.2214561,45.5194408,9.2211045,45.5185992
5607,9.2208806,45.5180835,9.2208998,45.5181288
5608,9.2211045,45.5185992,9.2208998,45.5181288
5609,9.2216145,45.5179278,9.220863,45.518042
5610,9.2231834,45.5193332,9.2232626,45.5193206
5611,9.2233026,45.519274,9.2232626,45.5193206
5612,9.223051,45.5193198,9.2231091,45.519345
5613,9.223032,45.5192582,9.223051,45.5193198
5614,9.2214882,45.5195503,9.223051,45.5193198
5615,9.2230607,45.5191723,9.2230158,45.5192059
5616,9.2232883,45.5192197,9.2233026,45.519274
5617,9.2250861,45.5190382,9.2233026,45.519274
5618,9.2237133,45.5227901,9.2238286,45.522805
5619,9.2236057,45.5228233,9.2236161,45.5227776
5620,9.2238894,45.521796,9.2239185,45.5218075
5621,9.2236161,45.5227776,9.2239185,45.5218075
5622,9.2220809,45.5213116,9.2221078,45.5213537
5623,9.2228195,45.5212071,9.2221078,45.5213537
5624,9.2228227,45.5212155,9.2228195,45.5212071
5625,9.2238318,45.5210254,9.2228195,45.5212071
5626,9.2239185,45.5218075,9.2238318,45.5210254
5627,9.2209638,45.5186914,9.2228181,45.522776
5628,9.2236791,45.5209365,9.2237554,45.5209253
5629,9.223516,45.5201298,9.2237554,45.5209253
5630,9.223368,45.52015,9.2236124,45.5209496
5631,9.2217594,45.5202891,9.2217741,45.5203351
5632,9.2220576,45.5212727,9.2217741,45.5203351
5633,9.2234239,45.5201429,9.223516,45.5201298
5634,9.2235247,45.5200873,9.223516,45.5201298
5635,9.2232927,45.5200991,9.223368,45.52015
5636,9.22328,45.5200609,9.2232927,45.5200991
5637,9.2223284,45.5202492,9.2232927,45.5200991
5638,9.2233025,45.5199763,9.2232634,45.5200083
5639,9.2233704,45.5199654,9.2234539,45.5199521
5640,9.2232626,45.5193206,9.2234539,45.5199521
5641,9.2231091,45.519345,9.2233025,45.5199763
5642,9.2115817,45.5264256,9.211648,45.5265447
5643,9.2112491,45.5266212,9.2112647,45.5266497
5644,9.211648,45.5265447,9.2112647,45.5266497
5645,9.2140345,45.5308123,9.2128451,45.5287639
5646,9.2140345,45.5308123,9.2128451,45.5287639
5647,9.2059189,45.5233551,9.2057906,45.5220614
5648,9.2057929,45.5215072,9.2057906,45.5220614
5649,9.2057906,45.5220614,9.2063526,45.5218951
5650,9.205921,45.5104111,9.2060226,45.5106014
5651,9.2070373,45.5107588,9.2069886,45.5106664
5652,9.2069516,45.5106769,9.2069886,45.5106664
5653,9.2109241,45.5113038,9.2109388,45.5113303
5654,9.2109546,45.5112757,9.2109388,45.5113303
5655,9.2069384,45.5205501,9.2070542,45.5207543
5656,9.2069012,45.5204843,9.2069161,45.5205107
5657,9.2067187,45.5205651,9.2069161,45.5205107
5658,9.2071413,45.5207943,9.2061716,45.5210454
5659,9.206428,45.520645,9.2067187,45.5205651
5660,9.2067047,45.5205395,9.2067187,45.5205651
5661,9.2061716,45.5210454,9.2061387,45.5208658
5662,9.2065786,45.5203154,9.2067047,45.5205395
5663,9.206698,45.520126,9.2069012,45.5204843
5664,9.2069161,45.5205107,9.2069384,45.5205501
5665,9.2061387,45.5208658,9.2062963,45.5206811
5666,9.2062963,45.5206811,9.206428,45.520645
5667,9.2235299,45.5090098,9.2236691,45.5089918
5668,9.2236523,45.5089332,9.2236691,45.5089918
5669,9.2234033,45.5081557,9.2236029,45.5087822
5670,9.2234636,45.508804,9.2236029,45.5087822
5671,9.2230555,45.5069941,9.2230699,45.5070403
5672,9.2185003,45.5192125,9.2189737,45.5198056
5673,9.2177329,45.5182351,9.2185003,45.5192125
5674,9.2188168,45.5203025,9.2190803,45.5202644
5675,9.2187479,45.5202668,9.2188168,45.5203025
5676,9.2186194,45.5203679,9.2188168,45.5203025
5677,9.2183608,45.5205661,9.2186194,45.5203679
5678,9.218796,45.5202514,9.2187479,45.5202668
5679,9.2187153,45.5202498,9.2187479,45.5202668
5680,9.218645,45.5202969,9.2187153,45.5202498
5681,9.2186927,45.5202381,9.2187153,45.5202498
5682,9.2186591,45.5202039,9.2186927,45.5202381
5683,9.2188853,45.5198283,9.2188372,45.5198407
5684,9.2186308,45.5199162,9.2188372,45.5198407
5685,9.2185794,45.5195371,9.2188372,45.5198407
5686,9.2172791,45.5203716,9.2172396,45.5203008
5687,9.2151959,45.5208621,9.2172396,45.5203008
5688,9.2232659,45.523025,9.2233007,45.5230608
5689,9.224031,45.5236034,9.2233007,45.5230608
5690,9.2229487,45.5229673,9.2235388,45.5236978
5691,9.2228181,45.522776,9.2229487,45.5229673
5692,9.2213737,45.5224246,9.2214148,45.5224044
5693,9.2192493,45.5201493,9.2214148,45.5224044
5694,9.2190803,45.5202644,9.2212413,45.5224899
5695,9.2228034,45.5227801,9.2227544,45.5228759
5696,9.2222931,45.5230811,9.2227544,45.5228759
5697,9.2215707,45.5225602,9.2222931,45.5230811
5698,9.2214148,45.5224044,9.2214715,45.5224585
5699,9.2239398,45.52406,9.2239398,45.52406
5700,9.2161735,45.5186271,9.2152263,45.5189063
5701,9.2151975,45.5188555,9.2152263,45.5189063
5702,9.215295,45.5188287,9.2151975,45.5188555
5703,9.2151771,45.5188197,9.2151975,45.5188555
5704,9.2150907,45.5188417,9.2151771,45.5188197
5705,9.2161467,45.5185832,9.2161199,45.5185394
5706,9.2154055,45.518746,9.2161199,45.5185394
5707,9.2163124,45.5166281,9.2163424,45.5166753
5708,9.217422,45.5181657,9.2163424,45.5166753
5709,9.2161199,45.5185394,9.217422,45.5181657
5710,9.2072818,45.5129457,9.2073385,45.5129307
5711,9.2069162,45.5121863,9.2073385,45.5129307
5712,9.2071271,45.5130081,9.2071164,45.5129894
5713,9.2066766,45.5118913,9.206739,45.5118732
5714,9.2063255,45.5110643,9.206739,45.5118732
5715,9.2071164,45.5129894,9.2065188,45.511937
5716,9.2117574,45.5143934,9.2117042,45.5144084
5717,9.2116752,45.5143563,9.2117042,45.5144084
5718,9.210906,45.5145754,9.2116752,45.5143563
5719,9.2116453,45.5143026,9.2116752,45.5143563
5720,9.2108741,45.5145186,9.2116453,45.5143026
5721,9.2122901,45.5133268,9.212359,45.513292
5722,9.2123649,45.5133036,9.212359,45.513292
5723,9.2120722,45.5133192,9.2120881,45.51335
5724,9.2144843,45.5172213,9.214532,45.5172071
5725,9.2145695,45.5171489,9.214532,45.5172071
5726,9.2151498,45.518771,9.2143088,45.5172732
5727,9.21456,45.5171313,9.2145695,45.5171489
5728,9.2163124,45.5166281,9.21456,45.5171313
5729,9.2145314,45.5170759,9.21456,45.5171313
5730,9.2142736,45.5172104,9.2139792,45.5167517
5731,9.2139649,45.5167269,9.2139792,45.5167517
5732,9.2135595,45.5168318,9.2139649,45.5167269
5733,9.2139255,45.5166589,9.2139649,45.5167269
5734,9.2139312,45.5166469,9.2139255,45.5166589
5735,9.2153625,45.5187599,9.2154055,45.518746
5736,9.21538,45.5187012,9.2154055,45.518746
5737,9.2145314,45.5170759,9.2162812,45.5165792
5738,9.2142959,45.5166669,9.2145314,45.5170759
5739,9.2142733,45.5166154,9.2142959,45.5166669
5740,9.2159482,45.5161967,9.2142959,45.5166669
5741,9.2163939,45.5166047,9.2163124,45.5166281
5742,9.2162812,45.5165792,9.2163124,45.5166281
5743,9.2136456,45.5155888,9.2137434,45.5157545
5744,9.2159207,45.5161503,9.2159482,45.5161967
5745,9.2162812,45.5165792,9.2159482,45.5161967
5746,9.2155323,45.5162607,9.2159207,45.5161503
5747,9.2159007,45.5161164,9.2159207,45.5161503
5748,9.2155152,45.5162238,9.2159007,45.5161164
5749,9.2153364,45.5187144,9.21538,45.5187012
5750,9.214532,45.5172071,9.21538,45.5187012
5751,9.2144843,45.5172213,9.2153364,45.5187144
5752,9.2152454,45.518742,9.2153364,45.5187144
5753,9.2152722,45.518789,9.2152454,45.518742
5754,9.2151498,45.518771,9.2152454,45.518742
5755,9.2151771,45.5188197,9.2151498,45.518771
5756,9.2123584,45.517153,9.2123813,45.5171979
5757,9.2132042,45.5169644,9.2123813,45.5171979
5758,9.2123614,45.5170674,9.2123211,45.51708
5759,9.2080553,45.5101771,9.2080535,45.5101463
5760,9.2091306,45.5087753,9.2083329,45.5097155
5761,9.2082309,45.509676,9.2083329,45.5097155
5762,9.2090507,45.5087316,9.2082309,45.509676
5763,9.2081703,45.5096525,9.2082309,45.509676
5764,9.207878,45.5100405,9.2081703,45.5096525
5765,9.2162136,45.5159857,9.2177329,45.5182351
5766,9.2176725,45.5182589,9.2177329,45.5182351
5767,9.2175983,45.5181651,9.2176725,45.5182589
5768,9.2176051,45.5182855,9.2176725,45.5182589
5769,9.2162635,45.5185496,9.2174454,45.5182091
5770,9.217422,45.5181657,9.2174454,45.5182091
5771,9.2186325,45.5194704,9.2185516,45.5195015
5772,9.21852,45.519461,9.2185516,45.5195015
5773,9.2184319,45.5195992,9.2185794,45.5195371
5774,9.2185516,45.5195015,9.2185794,45.5195371
5775,9.218344,45.519523,9.21852,45.519461
5776,9.21852,45.519461,9.2176051,45.5182855
5777,9.2176051,45.5182855,9.217483,45.5182789
5778,9.2174454,45.5182091,9.217483,45.5182789
5779,9.2183295,45.5205762,9.2182656,45.520595
5780,9.2123585,45.5161216,9.2130142,45.5159421
5781,9.2129883,45.5158988,9.2130142,45.5159421
5782,9.2130344,45.5158855,9.2129883,45.5158988
5783,9.2129614,45.5158538,9.2129883,45.5158988
5784,9.2123095,45.5160345,9.2129614,45.5158538
5785,9.2123142,45.5161337,9.2123585,45.5161216
5786,9.2123381,45.5160853,9.2123585,45.5161216
5787,9.2123095,45.5160345,9.2123381,45.5160853
5788,9.2129883,45.5158988,9.2123381,45.5160853
5789,9.2130591,45.5159298,9.2132056,45.5158897
5790,9.2130503,45.5159144,9.2130591,45.5159298
5791,9.2130142,45.5159421,9.2130591,45.5159298
5792,9.2123666,45.5162193,9.2120561,45.5162044
5793,9.2122643,45.516047,9.2123095,45.5160345
5794,9.212068,45.5218787,9.211529,45.5220219
5795,9.211529,45.5220219,9.2112295,45.5221015
5796,9.2109775,45.5221002,9.2110134,45.5221589
5797,9.2112295,45.5221015,9.2110134,45.5221589
5798,9.2120257,45.5218024,9.2109775,45.5221002
5799,9.2109539,45.5220615,9.2109775,45.5221002
5800,9.2145539,45.5258244,9.2146278,45.5258045
5801,9.2147545,45.5260338,9.2146278,45.5258045
5802,9.2142566,45.5257799,9.2143074,45.5258679
5803,9.2126872,45.5269664,9.2143074,45.5258679
5804,9.2146278,45.5258045,9.2146003,45.5257547
5805,9.2145591,45.5256802,9.214522,45.5256147
5806,9.2141576,45.521646,9.2139849,45.5217145
5807,9.2139469,45.5217258,9.2139849,45.5217145
5808,9.2143675,45.5224687,9.2139469,45.5217258
5809,9.2138933,45.5217415,9.2139469,45.5217258
5810,9.2144424,45.5214424,9.2138933,45.5217415
5811,9.213483,45.5237013,9.2149846,45.5232821
5812,9.2149596,45.5232345,9.2149846,45.5232821
5813,9.2150535,45.5232076,9.2149596,45.5232345
5814,9.2149377,45.5231943,9.2149596,45.5232345
5815,9.2139849,45.5217145,9.2149377,45.5231943
5816,9.215647,45.5230365,9.215672,45.5230902
5817,9.2149846,45.5232821,9.215672,45.5230902
5818,9.2154286,45.5230567,9.2156301,45.5230003
5819,9.2133968,45.5238045,9.2134815,45.5237811
5820,9.214522,45.5256147,9.2134815,45.5237811
5821,9.2140649,45.5253652,9.2132147,45.5238549
5822,9.2134502,45.5236394,9.213483,45.5237013
5823,9.2134815,45.5237811,9.213483,45.5237013
5824,9.2156301,45.5230003,9.2156453,45.5229961
5825,9.2156453,45.5229961,9.2172682,45.5225331
5826,9.2147262,45.5213839,9.2147704,45.5214602
5827,9.2152134,45.522221,9.2147704,45.5214602
5828,9.2164308,45.521011,9.2147704,45.5214602
5829,9.216472,45.5208082,9.216496,45.5208547
5830,9.2186927,45.5202381,9.216496,45.5208547
5831,9.216496,45.5208547,9.2147148,45.5213626
5832,9.2138933,45.5217415,9.2134,45.5235447
5833,9.2132339,45.5235255,9.2133225,45.5235007
5834,9.2134,45.5235447,9.2133225,45.5235007
5835,9.2132147,45.5238549,9.2130562,45.5235752
5836,9.2061601,45.5118825,9.2061586,45.5118794
5837,9.2064258,45.5118044,9.2061586,45.5118794
5838,9.2075859,45.5133436,9.207684,45.5135308
5839,9.2095931,45.5096879,9.2097548,45.5099638
5840,9.2097082,45.5099775,9.2097548,45.5099638
5841,9.2087124,45.509931,9.2088662,45.5102073
5842,9.2088289,45.5102173,9.2088662,45.5102073
5843,9.2143522,45.5171879,9.2142736,45.5172104
5844,9.2143088,45.5172732,9.2142736,45.5172104
5845,9.2084067,45.5109941,9.2085096,45.5109632
5846,9.2082644,45.5105206,9.2085096,45.5109632
5847,9.2152722,45.518789,9.2153625,45.5187599
5848,9.2153364,45.5187144,9.2153625,45.5187599
5849,9.221485,45.513997,9.2209642,45.5140556
5850,9.2209593,45.5140337,9.2209642,45.5140556
5851,9.2209751,45.5141023,9.2209865,45.5141489
5852,9.2197454,45.5143387,9.2209865,45.5141489
5853,9.2081912,45.5103371,9.208268,45.510511
5854,9.2082758,45.5105179,9.208268,45.510511
5855,9.2092683,45.5114663,9.2092839,45.5114929
5856,9.2088627,45.5112126,9.2089347,45.5113396
5857,9.2089902,45.5113239,9.2089347,45.5113396
5858,9.2089545,45.5111871,9.2090262,45.5113138
5859,9.2090537,45.5113059,9.2090262,45.5113138
5860,9.2093072,45.5117473,9.2090537,45.5113059
5861,9.209565,45.5111625,9.2090537,45.5113059
5862,9.2092437,45.5117655,9.2089902,45.5113239
5863,9.2090262,45.5113138,9.2089902,45.5113239
5864,9.2068695,45.5122334,9.2069162,45.5121863
5865,9.206739,45.5118732,9.2069162,45.5121863
5866,9.2074874,45.5133037,9.2075555,45.5132856
5867,9.2075073,45.513211,9.2075555,45.5132856
5868,9.210122,45.5094838,9.2101593,45.5094809
5869,9.209945,45.5094914,9.2099621,45.5094964
5870,9.2090719,45.5087092,9.2091568,45.5087473
5871,9.2089835,45.5086804,9.2090126,45.5086825
5872,9.2146459,45.5213197,9.2146776,45.5213735
5873,9.2147148,45.5213626,9.2146776,45.5213735
5874,9.2146815,45.5213098,9.2146459,45.5213197
5875,9.2049473,45.5147124,9.2049129,45.5147052
5876,9.2052271,45.5151957,9.2049473,45.5147124
5877,9.2091406,45.522089,9.2090786,45.5220647
5878,9.2093626,45.5224759,9.2091406,45.522089
5879,9.2090786,45.5220647,9.2090646,45.5220394
5880,9.2049473,45.5147124,9.2046931,45.5142537
5881,9.205319,45.5151701,9.2050229,45.5146554
5882,9.2105484,45.507291,9.2104114,45.5074341
5883,9.2108881,45.5069895,9.2105484,45.507291
5884,9.2117043,45.5266459,9.2116868,45.526672
5885,9.211648,45.5265447,9.2117043,45.5266459
5886,9.2097846,45.5216817,9.2097482,45.5217152
5887,9.2123945,45.5266756,9.212354,45.5266871
5888,9.2096342,45.5214733,9.2097846,45.5216817
5889,9.2122383,45.5264412,9.2123945,45.5266756
5890,9.2117043,45.5266459,9.2118449,45.5268993
5891,9.2123945,45.5266756,9.212451,45.5267766
5892,9.2118449,45.5268993,9.2118289,45.5269205
5893,9.213612,45.5155319,9.2136456,45.5155888
5894,9.2134891,45.5158667,9.2135188,45.5159207
5895,9.2134915,45.5158216,9.2135027,45.5158432
5896,9.2138988,45.5160278,9.213865,45.5159753
5897,9.2104204,45.5074413,9.2104932,45.5075402
5898,9.214171,45.5134329,9.2140909,45.5133369
5899,9.214429,45.5211485,9.2143259,45.5211751
5900,9.214405,45.5212567,9.2143259,45.5211751
5901,9.2055874,45.5145906,9.2055542,45.514532
5902,9.204991,45.5146108,9.2049564,45.5145492
5903,9.2048765,45.5146428,9.2048424,45.5145823
5904,9.2046669,45.5142879,9.2047147,45.514368
5905,9.2090393,45.5220512,9.2089979,45.5219772
5906,9.2090646,45.5220394,9.2090243,45.5219675
5907,9.2096521,45.5215076,9.2096904,45.5215718
5908,9.2141294,45.5188305,9.2141942,45.5189475
5909,9.2134089,45.5175279,9.2141294,45.5188305
5910,9.2141942,45.5189475,9.2142187,45.5189905
5911,9.2221243,45.5158643,9.2222163,45.5158503
5912,9.2218979,45.5146323,9.2222163,45.5158503
5913,9.2221482,45.5159445,9.2221243,45.5158643
5914,9.2220603,45.515874,9.2221243,45.5158643
5915,9.221731,45.5149504,9.2220603,45.515874
5916,9.2201893,45.5162351,9.2202095,45.516297
5917,9.2195802,45.5163907,9.2202095,45.516297
5918,9.2201771,45.5161978,9.2201893,45.5162351
5919,9.2195565,45.5163289,9.2201893,45.5162351
5920,9.2220603,45.515874,9.2201771,45.5161978
5921,9.2085106,45.5252528,9.2080772,45.5244947
5922,9.2079813,45.524521,9.2080772,45.5244947
5923,9.2077942,45.5241868,9.2079813,45.524521
5924,9.2078882,45.5245465,9.2079813,45.524521
5925,9.207701,45.5242132,9.2078882,45.5245465
5926,9.206523,45.5219505,9.2066112,45.5219256
5927,9.2065116,45.5217512,9.2066112,45.5219256
5928,9.2064945,45.5220874,9.2064304,45.5219766
5929,9.2086916,45.510911,9.2088627,45.5112126
5930,9.2089812,45.5111797,9.209411,45.5110262
5931,9.2088627,45.5112126,9.2089175,45.5111973
5932,9.2089902,45.5113239,9.2089175,45.5111973
5933,9.2089545,45.5111871,9.2089812,45.5111797
5934,9.2090537,45.5113059,9.2089812,45.5111797
5935,9.2132337,45.5192917,9.2132576,45.5192898
5936,9.2133775,45.5194996,9.2132576,45.5192898
5937,9.2123992,45.5178155,9.2124127,45.5178113
5938,9.2125901,45.5181218,9.2124127,45.5178113
5939,9.2136833,45.5200348,9.2133775,45.5194996
5940,9.2133616,45.5195039,9.2133775,45.5194996
5941,9.2142995,45.5211249,9.2142862,45.5210946
5942,9.2142684,45.5211005,9.2142862,45.5210946
5943,9.2233624,45.5076378,9.2234969,45.5062992
5944,9.2059707,45.5177127,9.2060646,45.5178796
5945,9.2060646,45.5178796,9.2062474,45.5182043
5946,9.2062474,45.5182043,9.2063589,45.5184023
5947,9.2069417,45.5182432,9.206967,45.5182551
5948,9.2071294,45.5185448,9.206967,45.5182551
5949,9.2031889,45.5173577,9.2031694,45.517412
5950,9.2033451,45.5174477,9.2031694,45.517412
5951,9.2034175,45.516936,9.2035429,45.5168834
5952,9.2030623,45.5160762,9.2035429,45.5168834
5953,9.2039184,45.517514,9.2038197,45.5175358
5954,9.205906,45.51512,9.2059355,45.5151751
5955,9.2080867,45.5144205,9.208129,45.514488
5956,9.208108,45.5144992,9.208129,45.514488
5957,9.2083097,45.5145571,9.2081928,45.5145894
5958,9.208177,45.5145641,9.2081928,45.5145894
5959,9.2081575,45.5145351,9.208177,45.5145641
5960,9.2080913,45.5146674,9.2080541,45.5145977
5961,9.2081387,45.5145033,9.2081575,45.5145351
5962,9.2081928,45.5145894,9.2081391,45.5145747
5963,9.2080252,45.5145435,9.2079789,45.5144566
5964,9.2102554,45.5138997,9.2103448,45.5139194
5965,9.2103938,45.5139302,9.2103722,45.5139505
5966,9.2056515,45.5150773,9.2055678,45.5151007
5967,9.2055971,45.515347,9.2056887,45.5153215
5968,9.2055496,45.515263,9.2055838,45.5152439
5969,9.2044866,45.5183545,9.2043956,45.5183799
5970,9.2042878,45.5181873,9.2043956,45.5183799
5971,9.208919,45.5144518,9.2091358,45.5143921
5972,9.2065582,45.5142453,9.2065667,45.5142738
5973,9.207011,45.5149213,9.2069917,45.5148872
5974,9.2070335,45.5148133,9.2070634,45.5148676
5975,9.2102601,45.5140187,9.210242,45.5139869
5976,9.2103162,45.5140032,9.2102975,45.5139714
5977,9.2057087,45.5151742,9.2058484,45.5151358
5978,9.2059839,45.5150988,9.2060148,45.5151535
5979,9.2102975,45.5139714,9.210278,45.5139381
5980,9.2077327,45.5143308,9.207729,45.5143523
5981,9.210242,45.5139869,9.210223,45.5139535
5982,9.2104844,45.5138808,9.2105027,45.5139142
5983,9.2104774,45.513868,9.2104844,45.5138808
5984,9.2105395,45.513913,9.2105358,45.513905
5985,9.2105358,45.513905,9.2105198,45.5138711
5986,9.2103493,45.5140548,9.2103162,45.5140032
5987,9.2103722,45.5139505,9.2103162,45.5140032
5988,9.2103233,45.513803,9.2104248,45.5137755
5989,9.2103987,45.5137296,9.2104248,45.5137755
5990,9.2053566,45.5151596,9.2053483,45.5151619
5991,9.2102971,45.5140907,9.2103,45.5140887
5992,9.2105795,45.5145804,9.2103,45.5140887
5993,9.2105715,45.5145829,9.2105795,45.5145804
5994,9.2106621,45.5147258,9.2105795,45.5145804
5995,9.2105465,45.51399,9.2104776,45.513996
5996,9.2105361,45.513975,9.2104776,45.513996
5997,9.2106381,45.5139646,9.2105613,45.5139849
5998,9.2105708,45.5140018,9.2105613,45.5139849
5999,9.2029612,45.515879,9.2012917,45.5132834
6000,9.2107459,45.5153461,9.2102638,45.5144959
6001,9.2107757,45.5153978,9.2107459,45.5153461
6002,9.2093829,45.5115759,9.209218,45.5114451
6003,9.2093648,45.511545,9.2093829,45.5115759
6004,9.209171,45.5144155,9.2091769,45.5144114
6005,9.2205435,45.505401,9.2205149,45.5054297
6006,9.220654,45.5053621,9.2205972,45.5053742
6007,9.2205568,45.5056087,9.2205926,45.5056239
6008,9.2105679,45.5070976,9.210452,45.5072249
6009,9.2118102,45.5070832,9.2129079,45.5076647
6010,9.2117665,45.5070673,9.2118102,45.5070832
6011,9.211688,45.5070407,9.2117665,45.5070673
6012,9.2116452,45.5070299,9.211688,45.5070407
6013,9.2115697,45.5070082,9.2116452,45.5070299
6014,9.2115243,45.506991,9.2115697,45.5070082
6015,9.2111906,45.5068601,9.2115243,45.506991
6016,9.2104114,45.5074341,9.2103008,45.5075497
6017,9.2135483,45.5091541,9.2135845,45.5092875
6018,9.2134983,45.508955,9.2135483,45.5091541
6019,9.2194278,45.5162627,9.2193957,45.5162296
6020,9.2193957,45.5162296,9.2192986,45.5161293
6021,9.2138843,45.5094234,9.2139445,45.5094151
6022,9.2138487,45.5094283,9.2138336,45.5093166
6023,9.2137855,45.5089984,9.2137249,45.5088986
6024,9.2136692,45.508896,9.2136856,45.5088776
6025,9.2137249,45.5088986,9.2136856,45.5088776
6026,9.2190166,45.516056,9.2192351,45.5162816
6027,9.2221211,45.5202826,9.2223284,45.5202492
6028,9.2217741,45.5203351,9.2221211,45.5202826
6029,9.2170921,45.5133827,9.2154798,45.51163
6030,9.2154798,45.51163,9.215362,45.5115167
6031,9.2168282,45.5132732,9.2153314,45.5116996
6032,9.2153314,45.5116996,9.2152073,45.5115802
6033,9.2225865,45.5177807,9.2217452,45.517908
6034,9.2217452,45.517908,9.2216145,45.5179278
6035,9.2172413,45.5136141,9.2170921,45.5133827
6036,9.2171441,45.5136313,9.2168642,45.5133278
6037,9.2168642,45.5133278,9.2168282,45.5132732
6038,9.2207988,45.5183515,9.2208304,45.5184156
6039,9.2192808,45.5163295,9.2207988,45.5183515
6040,9.2131935,45.5236749,9.2130822,45.5237006
6041,9.2231525,45.5069734,9.223177,45.5070532
6042,9.2230762,45.50672,9.2231525,45.5069734
6043,9.223596,45.5084696,9.2236576,45.5086797
6044,9.2235448,45.5082948,9.223596,45.5084696
6045,9.205553,45.5097944,9.2056206,45.5099139
6046,9.2039387,45.512912,9.2032177,45.5116209
6047,9.2032177,45.5116209,9.2031438,45.5114872
6048,9.2040441,45.5117215,9.2041832,45.5119687
6049,9.2039795,45.5117045,9.2041396,45.511981
6050,9.2041832,45.5119687,9.2041396,45.511981
6051,9.2041396,45.511981,9.2040975,45.511993
6052,9.2030514,45.5113878,9.2023166,45.5115938
6053,9.2040604,45.5071354,9.2041318,45.5072648
6054,9.2043616,45.5081281,9.2044343,45.5082576
6055,9.204328,45.5080682,9.2043616,45.5081281
6056,9.2047974,45.5070522,9.2055613,45.5068578
6057,9.2034258,45.507748,9.203273,45.5078004
6058,9.203483,45.5077284,9.2034258,45.507748
6059,9.2077544,45.5078336,9.2079703,45.5079542
6060,9.2074087,45.5076402,9.2077116,45.5078096
6061,9.2058798,45.5069266,9.2060085,45.5069292
6062,9.2057862,45.5069437,9.2058798,45.5069266
6063,9.2105072,45.5100448,9.2105174,45.5100605
6064,9.2081703,45.5096525,9.2088034,45.5089075
6065,9.2103098,45.5132266,9.2104864,45.5131789
6066,9.2102078,45.5132693,9.2103098,45.5132266
6067,9.2107268,45.5109451,9.2108488,45.511154
6068,9.210654,45.5108206,9.2107268,45.5109451
6069,9.2125664,45.5141976,9.2127631,45.5145302
6070,9.2127278,45.5139745,9.2125425,45.5136295
6071,9.2122094,45.5141447,9.2124047,45.51409
6072,9.2116965,45.5142883,9.2122094,45.5141447
6073,9.2026781,45.5098012,9.2027642,45.5097764
6074,9.2086278,45.5143095,9.2088108,45.5142586
6075,9.2085417,45.5143335,9.2086278,45.5143095
6076,9.2085772,45.5157211,9.2083503,45.515286
6077,9.2083503,45.515286,9.2082859,45.51517
6078,9.2087912,45.5144871,9.208919,45.5144518
6079,9.2083408,45.5146112,9.2087912,45.5144871
6080,9.2086149,45.5151949,9.2086846,45.5153171
6081,9.2082931,45.5146311,9.2086149,45.5151949
6082,9.2135242,45.5167674,9.2134212,45.5167972
6083,9.2134212,45.5167972,9.2132486,45.516847
6084,9.2109857,45.5199305,9.210609,45.5192659
6085,9.210609,45.5192659,9.2105217,45.5191112
6086,9.2125713,45.5181273,9.2126735,45.518308
6087,9.2126933,45.5183024,9.2126735,45.518308
6088,9.2125901,45.5181218,9.2126933,45.5183024
6089,9.2132576,45.5192898,9.2126933,45.5183024
6090,9.2125713,45.5181273,9.2125901,45.5181218
6091,9.2126933,45.5183024,9.2125901,45.5181218
6092,9.2123992,45.5178155,9.2125713,45.5181273
6093,9.2067126,45.5187044,9.20693,45.5186485
6094,9.2065457,45.5187342,9.2067126,45.5187044
6095,9.2107325,45.5189409,9.2105547,45.5186179
6096,9.2105547,45.5186179,9.2104489,45.5184271
6097,9.2091406,45.522089,9.2073303,45.5188933
6098,9.2073,45.5188402,9.2072673,45.5187804
6099,9.2072735,45.5188472,9.2073,45.5188402
6100,9.2073303,45.5188933,9.2073,45.5188402
6101,9.2088047,45.5227747,9.208744,45.5227862
6102,9.208744,45.5227862,9.2085596,45.5228369
6103,9.2119965,45.5217123,9.2118593,45.5214702
6104,9.2118593,45.5214702,9.2117903,45.5213486
6105,9.2131534,45.5214434,9.2128135,45.5215288
6106,9.2142814,45.5211477,9.2131534,45.5214434
6107,9.2076383,45.518062,9.2077743,45.5183077
6108,9.2068613,45.5166939,9.2076383,45.518062
6109,9.210303,45.5222398,9.2104298,45.5222051
6110,9.2100654,45.5223049,9.210303,45.5222398
6111,9.2133225,45.5235007,9.2126107,45.5222416
6112,9.2095808,45.5228854,9.209662,45.5230285
6113,9.2094347,45.5226293,9.2095808,45.5228854
6114,9.2063787,45.5218874,9.2063102,45.5217706
6115,9.2063102,45.5217706,9.206236,45.5216441
6116,9.204943,45.5153669,9.205096,45.515325
6117,9.2038093,45.5156772,9.204943,45.5153669
6118,9.2053252,45.5153907,9.2049878,45.5154805
6119,9.2049878,45.5154805,9.204824,45.5155241
6120,9.2064437,45.5216322,9.2065116,45.5217512
6121,9.2063408,45.521452,9.2064437,45.5216322
6122,9.2172396,45.5203008,9.2180278,45.5200752
6123,9.2180278,45.5200752,9.218218,45.5200208
6124,9.215054,45.5209,9.2151959,45.5208621
6125,9.2144676,45.5210486,9.215054,45.5209
6126,9.2164319,45.5207374,9.2182538,45.5202358
6127,9.2182538,45.5202358,9.2183694,45.5202032
6128,9.2140124,45.520643,9.2141088,45.5208139
6129,9.2133616,45.5195039,9.2140124,45.520643
6130,9.2146177,45.5263424,9.2146587,45.5264149
6131,9.2143556,45.5258776,9.2146177,45.5263424
6132,9.2125207,45.5263778,9.212699,45.5263288
6133,9.2123989,45.5264113,9.2125207,45.5263778
6134,9.2082986,45.5253967,9.2081077,45.5254521
6135,9.2081077,45.5254521,9.2079854,45.5254876
6136,9.2076404,45.5257061,9.2078328,45.5256551
6137,9.2063662,45.5260793,9.2076404,45.5257061
6138,9.2056767,45.5262629,9.2058457,45.5262158
6139,9.2054516,45.5263397,9.2056767,45.5262629
6140,9.2061076,45.5260221,9.2057908,45.5261036
6141,9.2057908,45.5261036,9.2056293,45.5261451
6142,9.2142174,45.5257118,9.2141408,45.5255004
6143,9.2141408,45.5255004,9.2140649,45.5253652
6144,9.2028626,45.5154913,9.203067,45.5158518
6145,9.2029612,45.515879,9.203067,45.5158518
6146,9.2029404,45.5159318,9.2029612,45.515879
6147,9.2157651,45.5278122,9.214831,45.5261721
6148,9.214831,45.5261721,9.2147545,45.5260338
6149,9.2119355,45.5270622,9.2120028,45.5271837
6150,9.2049418,45.5189758,9.2048667,45.5188432
6151,9.204614,45.5187702,9.204695,45.5189151
6152,9.2043956,45.5183799,9.204614,45.5187702
6153,9.2118449,45.5268993,9.2119355,45.5270622
6154,9.2035864,45.5165485,9.2036337,45.5166343
6155,9.2032886,45.5160089,9.2035864,45.5165485
6156,9.2214715,45.5224585,9.2215707,45.5225602
6157,9.2213016,45.5224602,9.2211578,45.5223108
6158,9.2212674,45.522477,9.2213016,45.5224602
6159,9.2146776,45.5213735,9.2144424,45.5214424
6160,9.209133,45.5084597,9.2091719,45.5084467
6161,9.209152,45.5084364,9.2091719,45.5084467
6162,9.2062229,45.5108831,9.2065009,45.5108045
6163,9.2064751,45.5107777,9.2065009,45.5108045
6164,9.2091267,45.5086451,9.2090719,45.5087092
6165,9.2090126,45.5086825,9.2090719,45.5087092
6166,9.2101166,45.5094737,9.210122,45.5094838
6167,9.2100013,45.5094933,9.210122,45.5094838
6168,9.2100145,45.5095138,9.2100013,45.5094933
6169,9.2099621,45.5094964,9.2100013,45.5094933
6170,9.2105341,45.5100357,9.2105072,45.5100448
6171,9.2104248,45.5099186,9.2105072,45.5100448
6172,9.2105645,45.5097158,9.2105596,45.5100278
6173,9.2110833,45.5254511,9.2111094,45.5254445
6174,9.2108529,45.525116,9.2110447,45.5254609
6175,9.2111083,45.5151728,9.2111922,45.5153209
6176,9.2111495,45.5154554,9.2110893,45.5153482
6177,9.2115715,45.5162076,9.2114056,45.5159117
6178,9.2114394,45.515757,9.2115101,45.5158817
6179,9.211868,45.5263998,9.21184,45.5263526
6180,9.2118397,45.526352,9.2118405,45.5263518
6181,9.2092591,45.5270026,9.2097881,45.5279563
6182,9.2078613,45.5100721,9.2078707,45.5100606
6183,9.2078776,45.510051,9.207878,45.5100405
6184,9.2065009,45.5108045,9.2069516,45.5106769
6185,9.2069886,45.5106664,9.2070265,45.5106558
6186,9.2061015,45.5106955,9.2061205,45.5106989
6187,9.2064564,45.5107584,9.2064751,45.5107777
6188,9.2061205,45.5106989,9.2064403,45.5107555
6189,9.2092027,45.5087633,9.2091796,45.508784
6190,9.2099054,45.5095085,9.2099311,45.5094974
6191,9.209945,45.5094914,9.2099412,45.5094823
6192,9.2103794,45.5097613,9.2103668,45.5097648
6193,9.2105645,45.5097158,9.2103933,45.5097579
6194,9.2101983,45.5094719,9.210193,45.5094608
6195,9.2103475,45.5097702,9.2102051,45.5094858
6196,9.2107038,45.506948,9.2106932,45.5069596
6197,9.2107562,45.506861,9.2107412,45.506896
6198,9.2107386,45.5066385,9.2107248,45.5066554
6199,9.2110438,45.5065245,9.2107537,45.5066239
6200,9.2055616,45.5122141,9.2055445,45.5122185
6201,9.2054716,45.5120887,9.2055445,45.5122185
6202,9.2148362,45.5142652,9.2147486,45.5142984
6203,9.2118517,45.5156961,9.2118402,45.5156994
6204,9.2118402,45.5156994,9.211798,45.5157115
6205,9.2075555,45.5132856,9.2075859,45.5133436
6206,9.2073385,45.5129307,9.2075073,45.513211
6207,9.214809,45.5224198,9.2148788,45.5225451
6208,9.2148299,45.5224138,9.2148997,45.5225391
6209,9.2224889,45.5103596,9.2224912,45.5103154
6210,9.2225835,45.5104314,9.2224889,45.5103596
6211,9.2143749,45.5223613,9.2146707,45.5224176
6212,9.2145073,45.52154,9.2143719,45.5215819
6213,9.2143262,45.5214991,9.2143719,45.5215819
6214,9.2144184,45.5216661,9.2144258,45.5216798
6215,9.2143719,45.5215819,9.2144184,45.5216661
6216,9.2118092,45.5148453,9.2118289,45.5148814
6217,9.2186194,45.5203679,9.2186275,45.520379
6218,9.2109568,45.5237681,9.2109752,45.5237635
6219,9.21806,45.5100852,9.2188548,45.5084418
6220,9.2188548,45.5084418,9.2190539,45.5075944
6221,9.2190539,45.5075944,9.2185372,45.5053762
6222,9.2185372,45.5053762,9.2182017,45.5048858
6223,9.2182017,45.5048858,9.2177112,45.503068
6224,9.2105802,45.5231037,9.2109568,45.5237681
6225,9.2104535,45.5231352,9.2105802,45.5231037
6226,9.2101234,45.522431,9.2105802,45.5231037
6227,9.2115164,45.5250103,9.2115681,45.5249986
6228,9.2109568,45.5237681,9.2115681,45.5249986
6229,9.2139846,45.5257391,9.2140032,45.5257709
6230,9.2123023,45.5262403,9.2140032,45.5257709
6231,9.2120523,45.5133483,9.2119543,45.5133756
6232,9.2121579,45.5135408,9.2120684,45.5135653
6233,9.2108056,45.5139181,9.2107189,45.5139422
6234,9.2210208,45.5193774,9.2207494,45.5194591
6235,9.2207494,45.5194591,9.2202978,45.5185202
6236,9.2207494,45.5194591,9.2211461,45.5204628
6237,9.2209384,45.5186348,9.2209638,45.5186914
6238,9.2210443,45.5186744,9.2209638,45.5186914
6239,9.2205094,45.5055712,9.2205312,45.5055918
6240,9.2234296,45.5090226,9.2234537,45.5091015
6241,9.2028067,45.5095403,9.2023098,45.5086634
6242,9.2065928,45.5162278,9.2065569,45.5161637
6243,9.2065569,45.5161637,9.2064838,45.5160331
6244,9.2059275,45.5164044,9.2058353,45.5162429
6245,9.2058353,45.5162429,9.205675,45.5159619
6246,9.2180485,45.5107657,9.2180097,45.5107165
6247,9.218282,45.5102939,9.2180097,45.5107165
6248,9.2166082,45.5048121,9.2148081,45.5068871
6249,9.2121616,45.513294,9.2121195,45.5133059
6250,9.211795,45.5128339,9.2120722,45.5133192
6251,9.2121195,45.5133059,9.2120722,45.5133192
6252,9.2182656,45.520595,9.2168264,45.521043
6253,9.2176377,45.5225357,9.2175662,45.5225597
6254,9.2176352,45.5224192,9.2177083,45.5225121
6255,9.2178224,45.5227746,9.2176377,45.5225357
6256,9.2177083,45.5225121,9.2176377,45.5225357
6257,9.2165352,45.5209932,9.2174141,45.5224902
6258,9.2173239,45.5225167,9.2174141,45.5224902
6259,9.2172809,45.5223947,9.2173239,45.5225167
6260,9.2172682,45.5225331,9.2173239,45.5225167
6261,9.2149377,45.5231943,9.214977,45.5231833
6262,9.215377,45.5230712,9.2154286,45.5230567
6263,9.2148289,45.5230722,9.2150296,45.5231685
6264,9.214977,45.5231833,9.2150296,45.5231685
6265,9.2152648,45.5231471,9.2152445,45.5231083
6266,9.2150296,45.5231685,9.2152445,45.5231083
6267,9.2154838,45.5228939,9.215377,45.5230712
6268,9.2152445,45.5231083,9.215377,45.5230712
6269,9.2210193,45.5186175,9.2210443,45.5186744
6270,9.2128606,45.5116389,9.2127791,45.5116613
6271,9.2131406,45.5122849,9.2127791,45.5116613
6272,9.2145107,45.5122946,9.2145361,45.5122861
6273,9.2142679,45.5122728,9.2142941,45.5122627
6274,9.2141281,45.5123203,9.2141574,45.5123114
6275,9.2153894,45.5132224,9.2154253,45.513209
6276,9.2149288,45.5128681,9.214962,45.5128558
6277,9.2150309,45.5130214,9.2150722,45.5130068
6278,9.214864,45.5130873,9.2148904,45.5130769
6279,9.214744,45.5129249,9.2147732,45.5129164
6280,9.2147035,45.513135,9.2147482,45.5131232
6281,9.2145933,45.5129783,9.2146343,45.5129667
6282,9.2144207,45.512993,9.2144627,45.5129777
6283,9.2142437,45.5130568,9.2143777,45.5130085
6284,9.2024426,45.5135277,9.2024573,45.5126567
6285,9.202749,45.5140631,9.2028201,45.5140431
6286,9.2028201,45.5140431,9.2025128,45.5135079
6287,9.2021372,45.5116442,9.2019265,45.5136732
6288,9.2024426,45.5135277,9.2019265,45.5136732
6289,9.2021768,45.5141093,9.2022337,45.5142084
6290,9.2021768,45.5141093,9.2022337,45.5142084
6291,9.202749,45.5140631,9.2024426,45.5135277
6292,9.2025128,45.5135079,9.2024426,45.5135277
6293,9.2026818,45.5140821,9.202749,45.5140631
6294,9.2046088,45.5141019,9.202749,45.5140631
6295,9.2138417,45.5093704,9.2138843,45.5094234
6296,9.2138487,45.5094283,9.2138843,45.5094234
6297,9.21806,45.5100852,9.2180003,45.5100597
6298,9.2180003,45.5100597,9.2185408,45.5086136
6299,9.216472,45.5208082,9.2146815,45.5213098
6300,9.2147148,45.5213626,9.2146815,45.5213098
